,Column1,InvID,Quan_pakaging,Quan_pos,Num_day,Differ,Time_length,Time_differ,fit_time_schedule,Estimation_day,month,label,Productivity,Nhom sp1,Nhom sp2,Numday_mean,Numday_median,Quan_pag_median,Quan_pag_mean,fit_time_schedule_most,Differ_mean,Differ_median,Re_es,Max_pag_quan,Quan_pag_max_day
0,1,C.07-12,60,780,1,720,29,6,0,13,10,1,355,Da Inox,Inox 2M,5.75,4.5,750.0,2040.0,1,-510.0,-480.0,13,60,60
1,2,C.08-16,480,540,5,60,29,-2,0,6,10,1,96,Da Inox,Inox 2M,5.0,5.0,480.0,480.0,0,60.0,60.0,3,180,180
2,3,C.36-12,180,1500,3,1320,29,3,0,25,10,2,162,Da Inox,Inox 2M,3.8333333333333335,3.5,420.0,620.0,0,310.0,30.0,25,60,60
3,4,C.36-14,120,360,2,240,29,4,0,6,10,1,60,Da Inox,Inox 2M,2.0,2.0,120.0,120.0,0,240.0,240.0,6,60,60
4,5,C.36-16,60,360,1,300,29,4,0,6,10,1,60,Da Inox,Inox 2M,1.0,1.0,60.0,60.0,0,300.0,300.0,6,60,60
5,6,D.01-14,12180,42640,9,30460,29,-2,0,32,10,5,1436,Da Inox,Inox 2M,20.333333333333332,25.0,27000.0,29186.666666666668,0,2968.8888888888887,1680.0,16,2760,2760
6,7,D.01-16,21240,59560,9,38320,29,-3,0,26,10,5,1827,Da Inox,Inox 2M,20.444444444444443,25.0,44400.0,37333.333333333336,0,4633.333333333333,-3300.0,13,4860,4860
7,8,D.03-12,60,4320,1,4260,29,0,0,72,10,2,122,Da Inox,Inox 2M,6.375,6.5,660.0,772.5,0,747.5,-90.0,72,60,60
8,9,D.03-14,3120,6000,7,2880,29,-1,0,14,10,3,553,Da Inox,Inox 2M,15.9,17.0,5190.0,8778.0,0,-2280.0,-2030.0,7,960,960
9,10,D.03-16,6720,12200,8,5480,29,-2,0,15,10,3,580,Da Inox,Inox 2M,19.0,22.0,11370.0,11010.0,0,-660.0,-1530.0,7,1860,1860
10,11,D.04-14,5520,32680,8,27160,29,-2,0,48,10,4,904,Da Inox,Inox 2M,18.0,23.5,15090.0,16266.0,0,3222.0,1620.0,21,1560,1560
11,12,D.04-16,12660,45440,9,32780,29,-2,0,33,10,5,1188,Da Inox,Inox 2M,20.333333333333332,25.0,18240.0,24146.666666666668,0,9180.0,7860.0,20,2340,2340
12,13,D.05-12,60,120,1,60,29,5,0,2,10,1,65,Da Inox,Inox 3M,2.8,2.0,120.0,180.0,0,24.0,60.0,2,60,60
13,14,D.05-14,180,3660,3,3480,29,-2,0,61,10,2,139,Da Inox,Inox 3M,14.333333333333334,19.0,2460.0,1980.0,0,2893.3333333333335,2880.0,61,60,60
14,15,D.05-16,240,4380,4,4140,29,-1,0,73,10,2,219,Da Inox,Inox 3M,16.625,19.5,4170.0,3637.5,0,2040.0,1980.0,73,60,60
15,16,D.06-12,120,720,1,600,29,1,0,6,10,1,129,Da Inox,Inox 2M,5.0,6.0,480.0,642.8571428571429,0,408.57142857142856,600.0,6,120,120
16,17,D.06-14,4020,26560,8,22540,29,-2,0,53,10,4,757,Da Inox,Inox 2M,17.666666666666668,21.0,13860.0,13360.0,0,5224.444444444444,3720.0,27,1020,1020
17,18,D.06-16,6000,30160,7,24160,29,-1,0,36,10,4,742,Da Inox,Inox 2M,19.11111111111111,23.0,14700.0,14166.666666666666,0,5957.777777777777,2100.0,20,1560,1560
18,19,D.07-12,540,360,4,-180,29,0,1,3,10,1,696,Da Inox,Inox 2M,5.75,3.5,780.0,3997.5,0,-2650.0,-90.0,2,180,180
19,20,D.07-14,4740,12680,7,7940,29,-1,0,19,10,3,815,Da Inox,Inox 2M,15.11111111111111,17.0,6180.0,12313.333333333334,0,-4435.555555555556,-2520.0,7,1980,1980
20,21,D.07-16,4560,16840,7,12280,29,-1,0,26,10,3,668,Da Inox,Inox 2M,18.875,21.0,12300.0,12607.5,0,1382.5,2400.0,11,1620,1620
21,22,D.08-14,120,2040,2,1920,29,-2,0,34,10,2,201,Da Inox,Inox 2M,11.875,10.0,2040.0,2377.5,0,67.5,330.0,34,60,60
22,23,D.09-12,120,560,2,440,29,-2,0,10,10,1,143,Da Inox,Inox 2M,3.0,2.0,250.0,426.6666666666667,0,216.66666666666666,-20.0,10,60,60
23,24,D.09-14,720,8840,5,8120,29,0,0,62,10,3,334,Da Inox,Inox 2M,18.555555555555557,23.0,4680.0,6193.333333333333,0,4177.777777777777,3100.0,37,240,240
24,25,D.09-16,2220,13160,8,10940,29,-2,0,48,10,3,529,Da Inox,Inox 2M,19.555555555555557,25.0,12840.0,10340.0,0,2217.777777777778,2540.0,20,660,660
25,26,D.18,14060,37800,6,23740,29,0,0,17,10,4,987,Da Thép,Thép XK,18.555555555555557,24.0,18620.0,18313.333333333332,0,6877.777777777777,3580.0,9,4700,4700
26,27,D.2,60,840,1,780,29,1,0,14,10,1,151,Da Inox,Inox 2M,5.166666666666667,5.5,900.0,780.0,0,3950.0,5130.0,14,60,60
27,28,D.205,4440,27120,5,22680,29,-1,0,31,10,4,2390,Da Thép,Thép Số,17.77777777777778,24.0,43200.0,42480.0,0,-1060.0,-2580.0,19,1440,1440
28,29,D.206,16800,18360,7,1560,29,-1,0,8,10,3,1871,Da Thép,Thép Số,17.666666666666668,21.0,38460.0,33053.333333333336,0,8742.222222222223,10380.0,5,3840,3840
29,30,D.23,780,3960,3,3180,29,0,0,16,10,2,1146,Da Thép,Thép Số,10.375,11.5,8610.0,11887.5,0,1087.5,450.0,9,480,480
30,31,D.302,13000,21000,8,8000,29,-2,0,13,10,4,1420,Da Thép,Thép Số,14.555555555555555,14.0,19600.0,20655.555555555555,0,1500.0,-900.0,7,3200,3200
31,32,D.401,4800,34600,7,29800,29,0,0,51,10,4,1873,Da Thép,Thép Số,17.88888888888889,21.0,38760.0,33493.333333333336,0,8117.444444444444,1740.0,28,1260,1260
32,33,D.501,7640,31560,6,23920,29,-1,0,25,10,4,799,Da Thép,Thép XK,15.1,15.5,12740.0,12062.0,0,5080.0,1840.0,13,2520,2520
33,34,D.506,8640,21660,8,13020,29,-2,0,21,10,4,713,Da Thép,Thép XK,16.88888888888889,21.0,9640.0,12040.0,0,8330.888888888889,8900.0,11,2160,2160
34,35,D.507,360,8280,2,7920,29,-1,0,46,10,3,398,Da Thép,Thép XK,13.11111111111111,15.0,4020.0,5206.666666666667,0,5440.0,7800.0,28,300,300
35,36,D.507V,2100,11280,6,9180,29,0,0,33,10,3,377,Da Thép,Thép XK,13.88888888888889,13.0,4320.0,5226.666666666667,0,2933.3333333333335,1620.0,13,900,900
36,37,D.555,48720,176340,7,127620,29,-1,0,26,10,6,4700,Da Thép,Thép XK,18.5,24.0,92370.0,86934.0,0,16913.3,-3840.0,17,10560,10560
37,38,D.666,3060,7920,7,4860,29,-2,0,19,10,3,379,Da Thép,Thép XK,11.777777777777779,12.0,3360.0,4453.333333333333,0,3486.6666666666665,2040.0,9,960,960
38,39,D.777,11940,24480,7,12540,29,-1,0,15,10,4,953,Da Thép,Thép XK,16.88888888888889,22.0,13680.0,16080.0,0,4033.3333333333335,1800.0,9,2760,2760
39,40,KD2-0007,200,500,2,300,29,1,0,5,10,1,234,Da Inox,Inox 2M,1.5,1.5,350.0,350.0,0,150.0,150.0,5,100,100
40,41,KD2-0063,4160,200,1,-3960,29,-1,0,1,10,1,1324,Da Inox,Inox 2M,3.6666666666666665,1.0,4160.0,4853.333333333333,0,-1960.0,-2760.0,1,4160,4160
41,42,KD2-0274,360,2000,2,1640,29,5,0,12,10,2,180,Da Inox,Inox 2M,2.0,2.0,360.0,360.0,0,1640.0,1640.0,9,240,240
42,43,KD2-0729,100,2500,1,2400,29,1,0,25,10,2,100,Da Inox,Inox 2M,1.0,1.0,100.0,100.0,0,2400.0,2400.0,25,100,100
43,44,KD2-0731,640,1200,2,560,29,1,0,4,10,2,320,Da Inox,Inox 2M,2.0,2.0,640.0,640.0,0,560.0,560.0,3,400,400
44,45,KD2-0732,240,2560,2,2320,29,0,0,22,10,2,120,Da Inox,Inox 2M,2.0,2.0,240.0,240.0,0,2320.0,2320.0,16,160,160
45,46,KD2-1340,100,2000,1,1900,29,1,0,20,10,2,100,,,1.0,1.0,100.0,100.0,0,1400.0,1400.0,20,100,100
46,47,M.01,1080,2560,3,1480,29,3,0,8,10,2,240,Móng Inox,Inox 2M,11.666666666666666,14.0,2160.0,2793.3333333333335,0,455.55555555555554,960.0,5,540,540
47,48,M.03,300,360,2,60,29,1,0,3,10,1,166,Móng Inox,Inox 2M,6.0,6.0,900.0,994.2857142857143,0,171.42857142857142,60.0,2,240,240
48,49,M.18,2040,4680,2,2640,29,4,0,5,10,2,437,Móng Thép,Thép XK,7.666666666666667,8.0,3660.0,3346.6666666666665,0,-6.666666666666667,-60.0,3,1740,1740
49,50,M.303,1200,2400,2,1200,29,-1,0,4,10,2,307,Móng Thép,Thép Số,5.0,3.0,1500.0,1533.3333333333333,1,286.6666666666667,0.0,3,1000,1000
50,51,M.306,240,6480,1,6240,29,-1,0,27,10,3,576,Móng Thép,Thép Số,11.222222222222221,13.0,6360.0,6460.0,0,2740.0,1440.0,27,240,240
51,52,M.501,600,2980,4,2380,29,-1,0,20,10,2,232,Móng Thép,Thép XK,8.777777777777779,9.0,1920.0,2035.5555555555557,0,1375.5555555555557,840.0,13,240,240
52,53,M.555,2580,15040,4,12460,29,-1,0,24,10,3,506,Móng Thép,Thép XK,15.375,19.0,9030.0,7770.0,0,3938.75,2340.0,14,1080,1080
53,54,C.06-12,660,1620,3,960,29,1,0,8,10,2,187,Da Inox,Inox 2M,4.4,5.0,660.0,852.0,0,240.0,0.0,4,420,420
54,55,C.01-12,240,240,4,0,30,14,1,4,11,1,60,Da Inox,Inox 3M,4.0,4.0,240.0,240.0,1,0.0,0.0,4,60,60
55,56,C.02-12,180,180,2,0,30,9,1,2,11,1,90,Da Inox,Inox 3M,2.0,2.0,180.0,180.0,1,0.0,0.0,2,120,120
56,57,C.03-12,900,720,10,-180,30,7,1,8,11,1,183,Da Inox,Inox 2M,6.75,7.5,900.0,1230.0,1,-255.0,-150.0,4,180,180
57,58,C.03-14,240,300,2,60,30,22,0,3,11,1,160,Da Inox,Inox 2M,2.0,2.0,240.0,320.0,1,20.0,0.0,3,120,120
58,59,C.04-12,660,360,4,-300,30,10,1,3,11,1,179,Da Inox,Inox 2M,7.4,8.0,1440.0,1320.0,1,-104.0,-280.0,2,300,300
59,60,C.04-14,1860,1440,6,-420,30,3,1,5,11,2,277,Da Inox,Inox 2M,7.2,6.0,1200.0,1992.0,1,-464.0,-420.0,2,780,780
60,61,C.04-16,900,1080,6,180,30,10,0,8,11,2,216,Da Inox,Inox 2M,8.5,8.5,1830.0,1830.0,0,-290.0,-290.0,3,420,420
61,62,C.05-16,600,240,6,-360,30,4,1,3,11,1,100,Da Inox,Inox 2M,6.0,6.0,600.0,600.0,1,-360.0,-360.0,2,180,180
62,63,C.07-14,8460,7920,18,-540,30,2,1,17,11,3,506,Da Inox,Inox 2M,10.0,8.0,3780.0,5060.0,0,-553.3333333333334,-540.0,8,1080,1080
63,64,C.07-16,360,360,2,0,30,25,1,2,11,1,300,Da Inox,Inox 2M,4.666666666666667,2.0,360.0,1400.0,1,-200.0,0.0,2,300,300
64,65,C.08-12,240,180,3,-60,30,10,1,3,11,1,80,Da Inox,Inox 2M,3.0,3.0,240.0,240.0,1,-60.0,-60.0,2,120,120
65,66,C.111,1860,360,7,-1500,30,4,1,2,11,1,265,Da Thép,Thép XK,5.666666666666667,7.0,1860.0,1500.0,1,-899.0,-1140.0,1,480,480
66,67,C.112,660,360,3,-300,30,8,1,2,11,1,285,Da Thép,Thép XK,5.4,3.0,780.0,1536.0,1,-575.4,-360.0,2,300,300
67,68,C.36-12,1200,720,7,-480,30,0,1,5,11,1,162,Da Inox,Inox 2M,3.8333333333333335,3.5,420.0,620.0,0,310.0,30.0,2,420,420
68,69,C.37-12,240,300,3,60,30,1,0,4,11,1,75,Da Inox,Inox 2M,2.0,2.0,150.0,150.0,0,30.0,30.0,3,120,120
69,70,C.37-14,180,360,2,180,30,0,0,4,11,1,84,Da Inox,Inox 2M,1.6666666666666667,2.0,180.0,140.0,0,100.0,120.0,3,120,120
70,71,CB.102-12,240,360,3,120,30,6,0,5,11,1,80,Da Inox,Inox 3M,3.0,3.0,240.0,240.0,0,120.0,120.0,3,120,120
71,72,CB.202-12,60,360,1,300,30,13,0,6,11,1,60,Da Inox,Inox 3M,1.0,1.0,60.0,60.0,0,300.0,300.0,6,60,60
72,73,CL.101-12,120,300,1,180,30,11,0,3,11,1,880,Da Inox,Inox 2M,3.0,3.0,2820.0,2640.0,0,793.3333333333334,180.0,3,120,120
73,74,D.01-12,660,400,5,-260,30,-4,0,4,11,1,114,Da Inox,Inox 2M,9.714285714285714,10.0,840.0,1105.7142857142858,0,-362.85714285714283,-420.0,2,360,360
74,75,D.01-14,53580,50160,30,-3420,30,-4,0,29,11,5,1436,Da Inox,Inox 2M,20.333333333333332,25.0,27000.0,29186.666666666668,0,2968.8888888888887,1680.0,17,3060,3060
75,76,D.01-16,65100,59320,30,-5780,30,-4,0,28,11,5,1827,Da Inox,Inox 2M,20.444444444444443,25.0,44400.0,37333.333333333336,0,4633.333333333333,-3300.0,15,4140,4140
76,77,D.03-14,11280,7280,27,-4000,30,-4,0,18,11,3,553,Da Inox,Inox 2M,15.9,17.0,5190.0,8778.0,0,-2280.0,-2030.0,4,2160,2160
77,78,D.03-16,15420,19000,23,3580,30,-4,0,29,11,3,580,Da Inox,Inox 2M,19.0,22.0,11370.0,11010.0,0,-660.0,-1530.0,9,2280,2280
78,79,D.04-14,22920,28880,30,5960,30,-4,0,38,11,4,904,Da Inox,Inox 2M,18.0,23.5,15090.0,16266.0,0,3222.0,1620.0,18,1620,1620
79,80,D.04-16,44400,38960,30,-5440,30,-4,0,27,11,4,1188,Da Inox,Inox 2M,20.333333333333332,25.0,18240.0,24146.666666666668,0,9180.0,7860.0,11,3600,3600
80,81,D.05-14,600,4980,9,4380,30,-4,0,75,11,2,139,Da Inox,Inox 3M,14.333333333333334,19.0,2460.0,1980.0,0,2893.3333333333335,2880.0,42,120,120
81,82,D.05-16,900,6060,9,5160,30,1,0,61,11,3,219,Da Inox,Inox 3M,16.625,19.5,4170.0,3637.5,0,2040.0,1980.0,26,240,240
82,83,D.05V-14,180,1320,3,1140,30,2,0,22,11,2,60,Da Inox,Inox 3M,3.5,3.0,180.0,210.0,0,645.0,600.0,22,60,60
83,84,D.06-12,60,720,1,660,30,22,0,12,11,1,129,Da Inox,Inox 2M,5.0,6.0,480.0,642.8571428571429,0,408.57142857142856,600.0,12,60,60
84,85,D.06-14,28080,29260,27,1180,30,0,0,29,11,4,757,Da Inox,Inox 2M,17.666666666666668,21.0,13860.0,13360.0,0,5224.444444444444,3720.0,13,2280,2280
85,86,D.06-16,21060,30340,28,9280,30,0,0,41,11,4,742,Da Inox,Inox 2M,19.11111111111111,23.0,14700.0,14166.666666666666,0,5957.777777777777,2100.0,18,1740,1740
86,87,D.07-14,12360,12320,17,-40,30,0,1,17,11,3,815,Da Inox,Inox 2M,15.11111111111111,17.0,6180.0,12313.333333333334,0,-4435.555555555556,-2520.0,7,1800,1800
87,88,D.07-16,13380,18640,26,5260,30,0,0,37,11,3,668,Da Inox,Inox 2M,18.875,21.0,12300.0,12607.5,0,1382.5,2400.0,13,1440,1440
88,89,D.08-12,120,1080,2,960,30,8,0,18,11,2,133,Da Inox,Inox 2M,3.8,5.0,300.0,504.0,0,-40.0,60.0,18,60,60
89,90,D.08-14,2640,2520,17,-120,30,0,1,17,11,2,201,Da Inox,Inox 2M,11.875,10.0,2040.0,2377.5,0,67.5,330.0,6,480,480
90,91,D.08-16,780,2520,6,1740,30,-4,0,20,11,2,207,Da Inox,Inox 2M,12.714285714285714,11.0,2520.0,2622.8571428571427,0,411.42857142857144,660.0,11,240,240
91,92,D.09-14,4260,12800,26,8540,30,-4,0,79,11,3,334,Da Inox,Inox 2M,18.555555555555557,23.0,4680.0,6193.333333333333,0,4177.777777777777,3100.0,27,480,480
92,93,D.09-16,14220,16760,28,2540,30,-4,0,34,11,3,529,Da Inox,Inox 2M,19.555555555555557,25.0,12840.0,10340.0,0,2217.777777777778,2540.0,18,960,960
93,94,D.18,29160,29320,25,160,30,0,0,26,11,4,987,Da Thép,Thép XK,18.555555555555557,24.0,18620.0,18313.333333333332,0,6877.777777777777,3580.0,10,2940,2940
94,95,D.2,1020,840,10,-180,30,0,1,9,11,1,151,Da Inox,Inox 2M,5.166666666666667,5.5,900.0,780.0,0,3950.0,5130.0,4,240,240
95,96,D.205,89700,87120,25,-2580,30,0,1,25,11,6,2390,Da Thép,Thép Số,17.77777777777778,24.0,43200.0,42480.0,0,-1060.0,-2580.0,11,8220,8220
96,97,D.206,29040,61200,21,32160,30,0,0,45,11,6,1871,Da Thép,Thép Số,17.666666666666668,21.0,38460.0,33053.333333333336,0,8742.222222222223,10380.0,8,7980,7980
97,98,D.302,23900,18900,19,-5000,30,0,1,16,11,3,1420,Da Thép,Thép Số,14.555555555555555,14.0,19600.0,20655.555555555555,0,1500.0,-900.0,4,5000,5000
98,99,D.401,33060,45840,21,12780,30,0,0,30,11,5,1873,Da Thép,Thép Số,17.88888888888889,21.0,38760.0,33493.333333333336,0,8117.444444444444,1740.0,9,5220,5220
99,100,D.501,18040,26160,19,8120,30,1,0,28,11,4,799,Da Thép,Thép XK,15.1,15.5,12740.0,12062.0,0,5080.0,1840.0,6,4720,4720
100,101,D.506,5920,22080,17,16160,30,0,0,64,11,4,713,Da Thép,Thép XK,16.88888888888889,21.0,9640.0,12040.0,0,8330.888888888889,8900.0,15,1480,1480
101,102,D.507,6420,5760,16,-660,30,1,1,15,11,3,398,Da Thép,Thép XK,13.11111111111111,15.0,4020.0,5206.666666666667,0,5440.0,7800.0,5,1380,1380
102,103,D.507V,6300,7920,12,1620,30,0,0,16,11,3,377,Da Thép,Thép XK,13.88888888888889,13.0,4320.0,5226.666666666667,0,2933.3333333333335,1620.0,6,1440,1440
103,104,D.555,190620,179920,26,-10700,30,0,1,25,11,6,4700,Da Thép,Thép XK,18.5,24.0,92370.0,86934.0,0,16913.3,-3840.0,17,10980,10980
104,105,D.555KD,42120,30600,19,-11520,30,1,1,14,11,4,1734,,,9.75,9.5,12910.0,16900.0,1,-4315.0,-3810.0,6,5520,5520
105,106,D.666,8880,7200,19,-1680,30,0,1,16,11,3,379,Da Thép,Thép XK,11.777777777777779,12.0,3360.0,4453.333333333333,0,3486.6666666666665,2040.0,5,1740,1740
106,107,D.777,23700,20160,22,-3540,30,2,1,19,11,4,953,Da Thép,Thép XK,16.88888888888889,22.0,13680.0,16080.0,0,4033.3333333333335,1800.0,6,3720,3720
107,108,EVO.01V-16,200,500,2,300,30,14,0,5,11,1,100,Da Inox,Inox 2M,2.0,2.0,200.0,200.0,0,300.0,300.0,5,100,100
108,109,KD2-0211,2700,4000,14,1300,30,-8,0,21,11,2,200,Da Inox,Inox 2M,14.0,15.0,2700.0,2800.0,0,614.2857142857143,400.0,10,400,400
109,110,KD2-0568,600,1000,4,400,30,11,0,7,11,2,218,Da Inox,Inox 2M,5.666666666666667,5.0,1100.0,1233.3333333333333,0,66.66666666666667,300.0,5,200,200
110,111,KD2-0591,1920,2000,9,80,30,7,0,10,11,2,220,Da Inox,Inox 2M,10.5,10.5,2310.0,2310.0,0,190.0,190.0,6,360,360
111,112,KD2-0592,2160,2000,8,-160,30,7,1,8,11,2,224,Da Inox,Inox 2M,9.0,9.0,2010.0,2010.0,0,-10.0,-10.0,4,600,600
112,113,KD2-0595,900,1000,10,100,30,7,0,12,11,2,87,Da Inox,Inox 2M,8.0,8.0,690.0,690.0,0,60.0,60.0,6,180,180
113,114,KD2-0598,420,360,6,-60,30,7,1,6,11,1,96,Da Inox,Inox 2M,5.0,5.0,480.0,480.0,1,-50.0,-50.0,3,120,120
114,115,KD2-0880,900,2000,2,1100,30,-10,0,5,11,2,200,Da Inox,Inox 2M,3.3333333333333335,3.0,600.0,666.6666666666666,0,500.0,500.0,3,700,700
115,116,KD2-1224,2400,1940,14,-460,30,9,1,12,11,2,172,,,14.0,14.0,2400.0,2400.0,1,-460.0,-460.0,5,400,400
116,117,KD2-1340,100,1000,1,900,30,11,0,10,11,2,100,,,1.0,1.0,100.0,100.0,0,1400.0,1400.0,10,100,100
117,118,KD3-0104,100,1100,1,1000,30,20,0,11,11,2,100,Da Inox,Inox 3M,1.0,1.0,100.0,100.0,0,1000.0,1000.0,11,100,100
118,119,KD3-0117,300,500,2,200,30,0,0,4,11,1,134,Da Inox,Inox 3M,1.5,1.5,200.0,200.0,0,150.0,150.0,3,200,200
119,120,KD3-0118,100,100,1,0,30,18,1,1,11,1,317,Da Inox,Inox 3M,3.0,3.0,950.0,950.0,1,-150.0,-150.0,1,100,100
120,121,KD3-0287,700,300,7,-400,30,-7,0,3,11,1,100,Da Inox,Inox 3M,7.0,7.0,700.0,700.0,0,-400.0,-400.0,3,100,100
121,122,KDT-1025,1000,1000,2,0,30,2,1,2,11,2,500,Da Thép,Thép XK,2.0,2.0,1000.0,1000.0,1,0.0,0.0,2,500,500
122,123,KM2-0212,3360,3200,20,-160,30,-10,0,20,11,2,132,Móng Inox,Inox 2M,11.666666666666666,13.0,1280.0,1533.3333333333333,0,280.0,80.0,7,480,480
123,124,KM2-0550,1120,800,6,-320,30,2,1,5,11,1,142,Móng Inox,Inox 2M,4.333333333333333,5.0,560.0,613.3333333333334,0,266.6666666666667,480.0,2,400,400
124,125,KM2-1176,1680,1000,5,-680,30,-11,0,3,11,2,222,,Inox 2M,9.166666666666666,9.0,1600.0,2026.6666666666667,0,233.33333333333334,20.0,2,720,720
125,126,M.01,3180,1840,17,-1340,30,0,1,10,11,2,240,Móng Inox,Inox 2M,11.666666666666666,14.0,2160.0,2793.3333333333335,0,455.55555555555554,960.0,4,540,540
126,127,M.03,900,1080,10,180,30,-4,0,12,11,2,166,Móng Inox,Inox 2M,6.0,6.0,900.0,994.2857142857143,0,171.42857142857142,60.0,6,180,180
127,128,M.04,600,3960,6,3360,30,6,0,40,11,2,237,Móng Inox,Inox 2M,8.666666666666666,8.5,2070.0,2050.0,0,1633.3333333333333,2070.0,22,180,180
128,129,M.05V,60,120,1,60,30,1,0,2,11,1,60,Móng Inox,Inox 3M,1.0,1.0,60.0,60.0,0,30.0,30.0,2,60,60
129,130,M.18,7920,3960,10,-3960,30,3,1,5,11,2,437,Móng Thép,Thép XK,7.666666666666667,8.0,3660.0,3346.6666666666665,0,-6.666666666666667,-60.0,3,1500,1500
130,131,M.205,5400,7200,13,1800,30,0,0,18,11,3,592,Móng Thép,Thép Số,14.875,16.5,8820.0,8797.5,0,1282.5,-390.0,8,1020,1020
131,132,M.303,1800,1800,7,0,30,0,1,7,11,2,307,Móng Thép,Thép Số,5.0,3.0,1500.0,1533.3333333333333,1,286.6666666666667,0.0,3,600,600
132,133,M.306,6360,7560,14,1200,30,0,0,17,11,3,576,Móng Thép,Thép Số,11.222222222222221,13.0,6360.0,6460.0,0,2740.0,1440.0,6,1500,1500
133,134,M.401,6720,9000,8,2280,30,0,0,11,11,3,530,Móng Thép,Thép Số,11.75,11.0,7170.0,6225.0,0,1095.0,-300.0,7,1320,1320
134,135,M.501,540,2260,5,1720,30,1,0,21,11,2,232,Móng Thép,Thép XK,8.777777777777779,9.0,1920.0,2035.5555555555557,0,1375.5555555555557,840.0,10,240,240
135,136,M.555,8820,15340,19,6520,30,1,0,34,11,3,506,Móng Thép,Thép XK,15.375,19.0,9030.0,7770.0,0,3938.75,2340.0,16,960,960
136,137,N.03,60,120,1,60,30,29,0,2,11,1,60,Móng Inox,Inox 2M,1.0,1.0,60.0,60.0,0,30.0,30.0,2,60,60
137,138,N.04,120,180,2,60,30,24,0,3,11,1,60,Móng Inox,Inox 2M,1.5,1.5,90.0,90.0,0,30.0,30.0,3,60,60
138,139,N.05,120,120,2,0,30,18,1,2,11,1,60,Móng Inox,Inox 2M,2.0,2.0,120.0,120.0,1,0.0,0.0,2,60,60
139,140,N.07,240,360,3,120,30,-8,0,5,11,1,72,Móng Inox,Inox 2M,2.5,2.5,180.0,180.0,0,180.5,180.5,3,120,120
140,141,C.04-12,60,360,1,300,30,20,0,6,12,1,179,Da Inox,Inox 2M,7.4,8.0,1440.0,1320.0,1,-104.0,-280.0,6,60,60
141,142,C.04-14,600,480,5,-120,30,18,1,4,12,1,277,Da Inox,Inox 2M,7.2,6.0,1200.0,1992.0,1,-464.0,-420.0,2,300,300
142,143,C.07-14,3780,2120,8,-1660,30,-1,0,5,12,2,506,Da Inox,Inox 2M,10.0,8.0,3780.0,5060.0,0,-553.3333333333334,-540.0,2,1080,1080
143,144,C.07-16,240,240,2,0,30,25,1,2,12,1,300,Da Inox,Inox 2M,4.666666666666667,2.0,360.0,1400.0,1,-200.0,0.0,2,180,180
144,145,C.07-3.5mm,480,480,5,0,30,-1,0,5,12,1,188,Da Inox,Inox 2M,4.0,4.0,750.0,750.0,0,-10.0,-10.0,3,180,180
145,146,C.112,420,63,1,-357,30,-1,0,1,12,1,285,Da Thép,Thép XK,5.4,3.0,780.0,1536.0,1,-575.4,-360.0,1,420,420
146,147,C.36-12,300,360,4,60,30,18,0,5,12,1,162,Da Inox,Inox 2M,3.8333333333333335,3.5,420.0,620.0,0,310.0,30.0,3,120,120
147,148,C.37-12,60,60,1,0,30,25,1,1,12,1,75,Da Inox,Inox 2M,2.0,2.0,150.0,150.0,0,30.0,30.0,1,60,60
148,149,C.37-14,180,300,2,120,30,21,0,4,12,1,84,Da Inox,Inox 2M,1.6666666666666667,2.0,180.0,140.0,0,100.0,120.0,3,120,120
149,150,D.01-12,480,60,4,-420,30,0,1,1,12,1,114,Da Inox,Inox 2M,9.714285714285714,10.0,840.0,1105.7142857142858,0,-362.85714285714283,-420.0,1,180,180
150,151,D.01-14,24420,20460,12,-3960,30,-1,0,11,12,4,1436,Da Inox,Inox 2M,20.333333333333332,25.0,27000.0,29186.666666666668,0,2968.8888888888887,1680.0,6,3840,3840
151,152,D.01-16,25740,27540,12,1800,30,-1,0,13,12,4,1827,Da Inox,Inox 2M,20.444444444444443,25.0,44400.0,37333.333333333336,0,4633.333333333333,-3300.0,7,4260,4260
152,153,D.03-12,240,120,4,-120,30,21,1,2,12,1,122,Da Inox,Inox 2M,6.375,6.5,660.0,772.5,0,747.5,-90.0,2,60,60
153,154,D.03-14,1800,9720,11,7920,30,-1,0,60,12,3,553,Da Inox,Inox 2M,15.9,17.0,5190.0,8778.0,0,-2280.0,-2030.0,33,300,300
154,155,D.03-16,8640,4380,13,-4260,30,-2,0,7,12,2,580,Da Inox,Inox 2M,19.0,22.0,11370.0,11010.0,0,-660.0,-1530.0,4,1200,1200
155,156,D.04-14,10080,14220,13,4140,30,-2,0,19,12,3,904,Da Inox,Inox 2M,18.0,23.5,15090.0,16266.0,0,3222.0,1620.0,10,1560,1560
156,157,D.04-16,17460,17840,13,380,30,-2,0,14,12,3,1188,Da Inox,Inox 2M,20.333333333333332,25.0,18240.0,24146.666666666668,0,9180.0,7860.0,7,2820,2820
157,158,D.05-14,420,2700,6,2280,30,0,0,39,12,2,139,Da Inox,Inox 3M,14.333333333333334,19.0,2460.0,1980.0,0,2893.3333333333335,2880.0,23,120,120
158,159,D.05-16,1140,3180,9,2040,30,0,0,26,12,2,219,Da Inox,Inox 3M,16.625,19.5,4170.0,3637.5,0,2040.0,1980.0,14,240,240
159,160,D.06-12,900,840,6,-60,30,17,1,6,12,1,129,Da Inox,Inox 2M,5.0,6.0,480.0,642.8571428571429,0,408.57142857142856,600.0,3,300,300
160,161,D.06-14,7380,11100,11,3720,30,0,0,17,12,3,757,Da Inox,Inox 2M,17.666666666666668,21.0,13860.0,13360.0,0,5224.444444444444,3720.0,7,1620,1620
161,162,D.06-16,6900,9000,12,2100,30,-1,0,16,12,3,742,Da Inox,Inox 2M,19.11111111111111,23.0,14700.0,14166.666666666666,0,5957.777777777777,2100.0,8,1260,1260
162,163,D.07-12,120,300,2,180,30,-1,0,5,12,1,696,Da Inox,Inox 2M,5.75,3.5,780.0,3997.5,0,-2650.0,-90.0,5,60,60
163,164,D.07-14,6180,3660,11,-2520,30,-1,0,7,12,2,815,Da Inox,Inox 2M,15.11111111111111,17.0,6180.0,12313.333333333334,0,-4435.555555555556,-2520.0,3,1740,1740
164,165,D.07-16,8040,7500,12,-540,30,-1,0,12,12,3,668,Da Inox,Inox 2M,18.875,21.0,12300.0,12607.5,0,1382.5,2400.0,5,1740,1740
165,166,D.08-12,1260,180,5,-1080,30,17,1,1,12,1,133,Da Inox,Inox 2M,3.8,5.0,300.0,504.0,0,-40.0,60.0,1,600,600
166,167,D.08-14,480,2160,5,1680,30,18,0,23,12,2,201,Da Inox,Inox 2M,11.875,10.0,2040.0,2377.5,0,67.5,330.0,18,120,120
167,168,D.08-16,3180,1800,8,-1380,30,18,1,5,12,2,207,Da Inox,Inox 2M,12.714285714285714,11.0,2520.0,2622.8571428571427,0,411.42857142857144,660.0,2,1200,1200
168,169,D.09-14,3900,6300,13,2400,30,-2,0,21,12,3,334,Da Inox,Inox 2M,18.555555555555557,23.0,4680.0,6193.333333333333,0,4177.777777777777,3100.0,12,540,540
169,170,D.09-16,6240,7320,13,1080,30,-2,0,16,12,3,529,Da Inox,Inox 2M,19.555555555555557,25.0,12840.0,10340.0,0,2217.777777777778,2540.0,8,960,960
170,171,D.18,10740,20100,11,9360,30,-1,0,21,12,4,987,Da Thép,Thép XK,18.555555555555557,24.0,18620.0,18313.333333333332,0,6877.777777777777,3580.0,8,2580,2580
171,172,D.205,16440,5820,11,-10620,30,-1,0,4,12,3,2390,Da Thép,Thép Số,17.77777777777778,24.0,43200.0,42480.0,0,-1060.0,-2580.0,3,2400,2400
172,173,D.206,42480,7200,12,-35280,30,-1,0,3,12,3,1871,Da Thép,Thép Số,17.666666666666668,21.0,38460.0,33053.333333333336,0,8742.222222222223,10380.0,1,8400,8400
173,174,D.208,480,8100,2,7620,30,-1,0,34,12,3,1063,Da Thép,Thép Số,16.857142857142858,21.0,25020.0,17902.85714285714,0,7665.714285714285,6120.0,23,360,360
174,175,D.22,60,9000,1,8940,30,-1,0,150,12,3,1289,Da Thép,Thép Số,14.666666666666666,20.0,27420.0,18900.0,0,-4620.0,-11220.0,150,60,60
175,176,D.23,4620,4860,5,240,30,-1,0,6,12,2,1146,Da Thép,Thép Số,10.375,11.5,8610.0,11887.5,0,1087.5,450.0,2,2580,2580
176,177,D.302,15500,7920,9,-7580,30,-1,0,5,12,3,1420,Da Thép,Thép Số,14.555555555555555,14.0,19600.0,20655.555555555555,0,1500.0,-900.0,2,4400,4400
177,178,D.401,23640,13020,12,-10620,30,-1,0,7,12,3,1873,Da Thép,Thép Số,17.88888888888889,21.0,38760.0,33493.333333333336,0,8117.444444444444,1740.0,3,5100,5100
178,179,D.501,8220,14940,7,6720,30,-1,0,13,12,3,799,Da Thép,Thép XK,15.1,15.5,12740.0,12062.0,0,5080.0,1840.0,4,3780,3780
179,180,D.506,5580,19800,10,14220,30,0,0,36,12,3,713,Da Thép,Thép XK,16.88888888888889,21.0,9640.0,12040.0,0,8330.888888888889,8900.0,19,1080,1080
180,181,D.507,1260,12840,7,11580,30,17,0,72,12,3,398,Da Thép,Thép XK,13.11111111111111,15.0,4020.0,5206.666666666667,0,5440.0,7800.0,22,600,600
181,182,D.507V,4500,6120,11,1620,30,-1,0,15,12,3,377,Da Thép,Thép XK,13.88888888888889,13.0,4320.0,5226.666666666667,0,2933.3333333333335,1620.0,4,1860,1860
182,183,D.555,85380,76080,13,-9300,30,-2,0,12,12,6,4700,Da Thép,Thép XK,18.5,24.0,92370.0,86934.0,0,16913.3,-3840.0,8,9600,9600
183,184,D.555KD,9000,7920,4,-1080,30,21,1,4,12,3,1734,,,9.75,9.5,12910.0,16900.0,1,-4315.0,-3810.0,3,3900,3900
184,185,D.666,480,9000,6,8520,30,19,0,113,12,3,379,Da Thép,Thép XK,11.777777777777779,12.0,3360.0,4453.333333333333,0,3486.6666666666665,2040.0,75,120,120
185,186,D.777,4500,23100,9,18600,30,-2,0,47,12,4,953,Da Thép,Thép XK,16.88888888888889,22.0,13680.0,16080.0,0,4033.3333333333335,1800.0,15,1560,1560
186,187,EVO.01V-14,60,10,1,-50,30,-1,0,1,12,1,120,Da Inox,Inox 2M,2.0,1.0,180.0,240.0,1,-191.66666666666666,-55.0,1,60,60
187,188,KD2-0211,400,2000,3,1600,30,-1,0,15,12,2,200,Da Inox,Inox 2M,14.0,15.0,2700.0,2800.0,0,614.2857142857143,400.0,10,200,200
188,189,KD2-0339,2300,2400,7,100,30,20,0,8,12,2,329,Da Inox,Inox 2M,7.0,7.0,2300.0,2300.0,0,100.0,100.0,3,800,800
189,190,KD2-0880,500,1000,3,500,30,17,0,6,12,2,200,Da Inox,Inox 2M,3.3333333333333335,3.0,600.0,666.6666666666666,0,500.0,500.0,4,300,300
190,191,KD2-1379,720,720,6,0,30,17,1,6,12,1,120,,,6.0,6.0,720.0,720.0,1,0.0,0.0,4,180,180
191,192,KD2-1380,720,720,6,0,30,17,1,6,12,1,120,,,6.0,6.0,720.0,720.0,1,0.0,0.0,4,180,180
192,193,KD3-0117,100,200,1,100,30,25,0,2,12,1,134,Da Inox,Inox 3M,1.5,1.5,200.0,200.0,0,150.0,150.0,2,100,100
193,194,KDT-0748,800,1000,2,200,30,-1,0,3,12,2,334,Da Thép,Thép XK,1.5,1.5,500.0,500.0,0,250.0,250.0,2,500,500
194,195,KDT-1440,500,1000,1,500,30,24,0,2,12,2,500,,,1.0,1.0,500.0,500.0,0,500.0,500.0,2,500,500
195,196,KM2-0212,960,680,6,-280,30,-1,0,5,12,1,132,Móng Inox,Inox 2M,11.666666666666666,13.0,1280.0,1533.3333333333333,0,280.0,80.0,3,240,240
196,197,KM2-1176,640,1000,3,360,30,-1,0,5,12,2,222,,Inox 2M,9.166666666666666,9.0,1600.0,2026.6666666666667,0,233.33333333333334,20.0,3,480,480
197,198,M.01,60,2040,1,1980,30,23,0,34,12,2,240,Móng Inox,Inox 2M,11.666666666666666,14.0,2160.0,2793.3333333333335,0,455.55555555555554,960.0,34,60,60
198,199,M.03,240,480,3,240,30,18,0,6,12,1,166,Móng Inox,Inox 2M,6.0,6.0,900.0,994.2857142857143,0,171.42857142857142,60.0,4,120,120
199,200,M.04,2580,1860,7,-720,30,17,1,6,12,2,237,Móng Inox,Inox 2M,8.666666666666666,8.5,2070.0,2050.0,0,1633.3333333333333,2070.0,3,900,900
200,201,M.05,120,180,1,60,30,19,0,2,12,1,104,Móng Inox,Inox 3M,3.75,4.5,330.0,390.0,0,-45.0,-30.0,2,120,120
201,202,M.18,1440,1380,6,-60,30,-1,0,6,12,2,437,Móng Thép,Thép XK,7.666666666666667,8.0,3660.0,3346.6666666666665,0,-6.666666666666667,-60.0,2,720,720
202,203,M.205,4440,3420,7,-1020,30,0,1,6,12,2,592,Móng Thép,Thép Số,14.875,16.5,8820.0,8797.5,0,1282.5,-390.0,3,1200,1200
203,204,M.23,60,420,1,360,30,17,0,7,12,1,343,Móng Thép,Thép Số,6.333333333333333,7.0,2610.0,2170.0,0,510.8333333333333,180.0,7,60,60
204,205,M.303,2600,1080,3,-1520,30,0,1,2,12,2,307,Móng Thép,Thép Số,5.0,3.0,1500.0,1533.3333333333333,1,286.6666666666667,0.0,1,1200,1200
205,206,M.306,1260,2700,3,1440,30,19,0,7,12,2,576,Móng Thép,Thép Số,11.222222222222221,13.0,6360.0,6460.0,0,2740.0,1440.0,6,480,480
206,207,M.401,2820,1680,4,-1140,30,18,1,3,12,2,530,Móng Thép,Thép Số,11.75,11.0,7170.0,6225.0,0,1095.0,-300.0,2,1200,1200
207,208,M.501,1740,2340,7,600,30,-1,0,10,12,2,232,Móng Thép,Thép XK,8.777777777777779,9.0,1920.0,2035.5555555555557,0,1375.5555555555557,840.0,4,660,660
208,209,M.555,2700,8280,5,5580,30,-1,0,16,12,3,506,Móng Thép,Thép XK,15.375,19.0,9030.0,7770.0,0,3938.75,2340.0,7,1320,1320
209,210,N.07,120,361,2,241,30,19,0,7,12,1,72,Móng Inox,Inox 2M,2.5,2.5,180.0,180.0,0,180.5,180.5,7,60,60
210,211,C.07-14,2940,3480,4,540,27,6,0,5,1,2,506,Da Inox,Inox 2M,10.0,8.0,3780.0,5060.0,0,-553.3333333333334,-540.0,2,1920,1920
211,212,C.111,60,3,1,-57,27,13,1,1,1,1,265,Da Thép,Thép XK,5.666666666666667,7.0,1860.0,1500.0,1,-899.0,-1140.0,1,60,60
212,213,C.118,120,123,1,3,27,9,0,2,1,1,165,Da Thép,Thép XK,2.0,2.0,330.0,330.0,0,-28.5,-28.5,2,120,120
213,214,C.36-12,420,240,4,-180,27,13,1,3,1,1,162,Da Inox,Inox 2M,3.8333333333333335,3.5,420.0,620.0,0,310.0,30.0,2,180,180
214,215,CL.101-12,4980,5000,5,20,27,-1,0,6,1,3,880,Da Inox,Inox 2M,3.0,3.0,2820.0,2640.0,0,793.3333333333334,180.0,3,1740,1740
215,216,CL.101C-12,1080,1000,5,-80,27,-1,0,5,1,2,207,Da Inox,Inox 2M,6.75,5.5,1080.0,1395.0,0,-120.0,-140.0,3,420,420
216,217,CL.201-12,180,180,3,0,27,-3,0,3,1,1,60,Da Inox,Inox 2M,3.0,3.0,180.0,180.0,0,0.0,0.0,3,60,60
217,218,CL.203-12,420,300,7,-120,27,-3,0,5,1,1,117,Da Inox,Inox 2M,5.666666666666667,7.0,420.0,660.0,0,-80.0,-120.0,5,60,60
218,219,CL.203-14,240,3,3,-237,27,23,1,1,1,1,80,Da Inox,Inox 2M,3.0,3.0,240.0,240.0,1,-237.0,-237.0,1,120,120
219,220,D.01-12,840,1080,11,240,27,0,0,15,1,2,114,Da Inox,Inox 2M,9.714285714285714,10.0,840.0,1105.7142857142858,0,-362.85714285714283,-420.0,9,120,120
220,221,D.01-14,39120,40800,25,1680,27,-2,0,27,1,5,1436,Da Inox,Inox 2M,20.333333333333332,25.0,27000.0,29186.666666666668,0,2968.8888888888887,1680.0,14,3000,3000
221,222,D.01-16,64440,49200,25,-15240,27,-2,0,20,1,5,1827,Da Inox,Inox 2M,20.444444444444443,25.0,44400.0,37333.333333333336,0,4633.333333333333,-3300.0,11,4740,4740
222,223,D.03-12,1020,1080,9,60,27,-2,0,10,1,2,122,Da Inox,Inox 2M,6.375,6.5,660.0,772.5,0,747.5,-90.0,5,240,240
223,224,D.03-14,19440,11880,23,-7560,27,-2,0,15,1,3,553,Da Inox,Inox 2M,15.9,17.0,5190.0,8778.0,0,-2280.0,-2030.0,5,2520,2520
224,225,D.03-14,3720,3600,6,-120,27,16,1,6,1,2,553,Da Inox,Inox 2M,15.9,17.0,5190.0,8778.0,0,-2280.0,-2030.0,4,960,960
225,226,D.03-16,14100,12960,25,-1140,27,-2,0,23,1,3,580,Da Inox,Inox 2M,19.0,22.0,11370.0,11010.0,0,-660.0,-1530.0,6,2280,2280
226,227,D.04-12,1140,1080,10,-60,27,3,1,10,1,2,108,Da Inox,Inox 2M,11.666666666666666,10.0,1140.0,1260.0,1,-493.3333333333333,-80.0,6,180,180
227,228,D.04-14,27000,30240,25,3240,27,-2,0,28,1,4,904,Da Inox,Inox 2M,18.0,23.5,15090.0,16266.0,0,3222.0,1620.0,10,3060,3060
228,229,D.04-16,28140,36000,25,7860,27,-2,0,32,1,4,1188,Da Inox,Inox 2M,20.333333333333332,25.0,18240.0,24146.666666666668,0,9180.0,7860.0,9,4020,4020
229,230,D.05-14,4500,4680,23,180,27,-2,0,24,1,2,139,Da Inox,Inox 3M,14.333333333333334,19.0,2460.0,1980.0,0,2893.3333333333335,2880.0,9,540,540
230,231,D.05-16,6540,5400,24,-1140,27,-2,0,20,1,3,219,Da Inox,Inox 3M,16.625,19.5,4170.0,3637.5,0,2040.0,1980.0,10,540,540
231,232,D.05V-12NC,180,60,1,-120,27,3,1,1,1,1,180,,,1.0,1.0,180.0,180.0,1,-120.0,-120.0,1,180,180
232,233,D.05V-14NC,180,60,1,-120,27,3,1,1,1,1,90,,,2.0,2.0,180.0,180.0,0,-30.0,-30.0,1,180,180
233,234,D.06-12,480,1080,6,600,27,2,0,14,1,2,129,Da Inox,Inox 2M,5.0,6.0,480.0,642.8571428571429,0,408.57142857142856,600.0,6,180,180
234,235,D.06-14,18540,16920,24,-1620,27,-1,0,22,1,3,757,Da Inox,Inox 2M,17.666666666666668,21.0,13860.0,13360.0,0,5224.444444444444,3720.0,8,2340,2340
235,236,D.06-16,17700,18360,23,660,27,-1,0,24,1,3,742,Da Inox,Inox 2M,19.11111111111111,23.0,14700.0,14166.666666666666,0,5957.777777777777,2100.0,9,2100,2100
236,237,D.07-12,9300,1080,15,-8220,27,-1,0,2,1,2,696,Da Inox,Inox 2M,5.75,3.5,780.0,3997.5,0,-2650.0,-90.0,1,2040,2040
237,238,D.07-12,120,3540,1,3420,27,11,0,30,1,2,696,Da Inox,Inox 2M,5.75,3.5,780.0,3997.5,0,-2650.0,-90.0,30,120,120
238,239,D.07-14,37440,10080,22,-27360,27,-1,0,6,1,3,815,Da Inox,Inox 2M,15.11111111111111,17.0,6180.0,12313.333333333334,0,-4435.555555555556,-2520.0,4,2880,2880
239,240,D.07-14NC,2820,36540,1,33720,27,11,0,13,1,4,1266,,,11.666666666666666,16.0,17100.0,14760.0,0,13200.0,4380.0,13,2820,2820
240,241,D.07-16,14820,11520,23,-3300,27,-1,0,18,1,3,668,Da Inox,Inox 2M,18.875,21.0,12300.0,12607.5,0,1382.5,2400.0,5,2400,2400
241,242,D.08-14,1980,3000,8,1020,27,-2,0,13,1,2,201,Da Inox,Inox 2M,11.875,10.0,2040.0,2377.5,0,67.5,330.0,6,540,540
242,243,D.08-16,2340,3000,11,660,27,-2,0,15,1,2,207,Da Inox,Inox 2M,12.714285714285714,11.0,2520.0,2622.8571428571427,0,411.42857142857144,660.0,5,660,660
243,244,D.09-14,9720,10440,23,720,27,-2,0,25,1,3,334,Da Inox,Inox 2M,18.555555555555557,23.0,4680.0,6193.333333333333,0,4177.777777777777,3100.0,9,1200,1200
244,245,D.09-16,12840,12600,25,-240,27,-2,0,25,1,3,529,Da Inox,Inox 2M,19.555555555555557,25.0,12840.0,10340.0,0,2217.777777777778,2540.0,10,1260,1260
245,246,D.18,27740,31320,23,3580,27,-1,0,26,1,4,987,Da Thép,Thép XK,18.555555555555557,24.0,18620.0,18313.333333333332,0,6877.777777777777,3580.0,10,3420,3420
246,247,D.205,43200,43920,24,720,27,-1,0,25,1,5,2390,Da Thép,Thép Số,17.77777777777778,24.0,43200.0,42480.0,0,-1060.0,-2580.0,9,5280,5280
247,248,D.206,13860,28800,17,14940,27,-1,0,36,1,4,1871,Da Thép,Thép Số,17.666666666666668,21.0,38460.0,33053.333333333336,0,8742.222222222223,10380.0,13,2280,2280
248,249,D.208,10080,10800,20,720,27,0,0,22,1,3,1063,Da Thép,Thép Số,16.857142857142858,21.0,25020.0,17902.85714285714,0,7665.714285714285,6120.0,9,1200,1200
249,250,D.22,29220,18000,20,-11220,27,-1,0,13,1,3,1289,Da Thép,Thép Số,14.666666666666666,20.0,27420.0,18900.0,0,-4620.0,-11220.0,7,2940,2940
250,251,D.23,6540,7200,9,660,27,9,0,10,1,3,1146,Da Thép,Thép Số,10.375,11.5,8610.0,11887.5,0,1087.5,450.0,4,2100,2100
251,252,D.302,17600,16800,14,-800,27,-1,0,14,1,3,1420,Da Thép,Thép Số,14.555555555555555,14.0,19600.0,20655.555555555555,0,1500.0,-900.0,3,6000,6000
252,253,D.401,38760,34480,25,-4280,27,-2,0,23,1,4,1873,Da Thép,Thép Số,17.88888888888889,21.0,38760.0,33493.333333333336,0,8117.444444444444,1740.0,7,5220,5220
253,254,D.501,11560,23760,21,12200,27,-1,0,44,1,4,799,Da Thép,Thép XK,15.1,15.5,12740.0,12062.0,0,5080.0,1840.0,11,2340,2340
254,255,D.501-14NC,3420,3600,9,180,27,-1,0,10,1,2,927,,,20.6,24.0,22380.0,19092.0,0,-2220.0,-1740.0,6,600,600
255,256,D.501,2600,3600,9,1000,27,-1,0,13,1,2,799,Da Thép,Thép XK,15.1,15.5,12740.0,12062.0,0,5080.0,1840.0,8,480,480
256,257,D.506,24660,27500,21,2840,27,-1,0,24,1,4,713,Da Thép,Thép XK,16.88888888888889,21.0,9640.0,12040.0,0,8330.888888888889,8900.0,12,2460,2460
257,258,D.507,4020,18720,15,14700,27,-1,0,70,1,3,398,Da Thép,Thép XK,13.11111111111111,15.0,4020.0,5206.666666666667,0,5440.0,7800.0,21,900,900
258,259,D.507V,3240,10800,15,7560,27,0,0,50,1,3,377,Da Thép,Thép XK,13.88888888888889,13.0,4320.0,5226.666666666667,0,2933.3333333333335,1620.0,23,480,480
259,260,D.555,150600,111560,24,-39040,27,-1,0,18,1,6,4700,Da Thép,Thép XK,18.5,24.0,92370.0,86934.0,0,16913.3,-3840.0,11,10680,10680
260,261,D.555KD,24960,16200,10,-8760,27,11,1,7,1,3,1734,,,9.75,9.5,12910.0,16900.0,1,-4315.0,-3810.0,3,5700,5700
261,262,D.555,4560,3540,11,-1020,27,3,1,9,1,2,4700,Da Thép,Thép XK,18.5,24.0,92370.0,86934.0,0,16913.3,-3840.0,4,1080,1080
262,263,D.666,9180,14760,19,5580,27,-1,0,31,1,3,379,Da Thép,Thép XK,11.777777777777779,12.0,3360.0,4453.333333333333,0,3486.6666666666665,2040.0,12,1320,1320
263,264,D.777,45300,33840,24,-11460,27,-1,0,18,1,4,953,Da Thép,Thép XK,16.88888888888889,22.0,13680.0,16080.0,0,4033.3333333333335,1800.0,6,6060,6060
264,265,EVO.01V-14,480,10,4,-470,27,14,1,1,1,1,120,Da Inox,Inox 2M,2.0,1.0,180.0,240.0,1,-191.66666666666666,-55.0,1,300,300
265,266,KD2-0211,2500,2900,14,400,27,-4,0,17,1,2,200,Da Inox,Inox 2M,14.0,15.0,2700.0,2800.0,0,614.2857142857143,400.0,6,500,500
266,267,KD2-0568,1100,1400,5,300,27,-1,0,7,1,2,218,Da Inox,Inox 2M,5.666666666666667,5.0,1100.0,1233.3333333333333,0,66.66666666666667,300.0,5,300,300
267,268,KD2-0741,1000,1000,6,0,27,3,1,6,1,2,167,Da Inox,Inox 2M,6.0,6.0,1000.0,1000.0,1,0.0,0.0,3,400,400
268,269,KD2-0742,1100,1000,7,-100,27,9,1,7,1,2,158,Da Inox,Inox 2M,7.0,7.0,1100.0,1100.0,1,-100.0,-100.0,4,300,300
269,270,KD2-0880,600,500,5,-100,27,16,1,5,1,1,200,Da Inox,Inox 2M,3.3333333333333335,3.0,600.0,666.6666666666666,0,500.0,500.0,3,200,200
270,271,KD2-0903,400,400,2,0,27,23,1,2,1,1,250,Da Inox,Inox 2M,3.0,3.0,750.0,750.0,1,-50.0,-50.0,2,200,200
271,272,KD2-0956,1000,1000,6,0,27,2,1,6,1,2,167,Da Inox,Inox 2M,6.0,6.0,1000.0,1000.0,1,0.0,0.0,4,300,300
272,273,KD2-1136,300,50,2,-250,27,2,1,1,1,1,150,Da Inox,Inox 2M,2.0,2.0,300.0,300.0,1,-250.0,-250.0,1,200,200
273,274,KD2-1470,420,500,3,80,27,3,0,4,1,1,120,,,2.0,2.0,240.0,240.0,0,50.0,50.0,3,180,180
274,275,KD2-1471,420,500,3,80,27,-3,0,4,1,1,135,,,2.0,2.0,270.0,270.0,0,50.0,50.0,3,240,240
275,276,KD3-0851,800,1000,6,200,27,9,0,8,1,2,134,Da Inox,Inox 3M,6.0,6.0,800.0,800.0,0,200.0,200.0,5,200,200
276,277,KD3-0926,100,100,1,0,27,12,1,1,1,1,100,Da Inox,Inox 3M,2.5,2.5,250.0,250.0,1,0.0,0.0,1,100,100
277,278,KD3-0927,100,100,1,0,27,13,1,1,1,1,100,Da Inox,Inox 3M,1.0,1.0,100.0,100.0,1,0.0,0.0,1,100,100
278,279,KDT-0004,300,500,1,200,27,25,0,2,1,1,250,Da Thép,Thép XK,1.0,1.0,250.0,250.0,0,100.0,100.0,2,300,300
279,280,KDT-0748,200,500,1,300,27,11,0,3,1,1,334,Da Thép,Thép XK,1.5,1.5,500.0,500.0,0,250.0,250.0,3,200,200
280,281,KM2-1176,2320,2000,14,-320,27,-4,0,13,1,2,222,,Inox 2M,9.166666666666666,9.0,1600.0,2026.6666666666667,0,233.33333333333334,20.0,5,480,480
281,282,KM2-1434,1360,5050,6,3690,27,-4,0,23,1,3,212,,,11.2,10.0,1360.0,2368.0,0,730.0,40.0,16,320,320
282,283,KM2-1474,300,500,3,200,27,-3,0,5,1,1,90,,,3.0,3.0,270.0,270.0,0,110.0,110.0,3,180,180
283,284,KM2-1482,320,50,2,-270,27,3,1,1,1,1,160,,,2.0,2.0,320.0,320.0,1,-270.0,-270.0,1,160,160
284,285,M.01,2160,3240,12,1080,27,-2,0,18,1,2,240,Móng Inox,Inox 2M,11.666666666666666,14.0,2160.0,2793.3333333333335,0,455.55555555555554,960.0,5,660,660
285,286,M.18,3660,3600,12,-60,27,-1,0,12,1,2,437,Móng Thép,Thép XK,7.666666666666667,8.0,3660.0,3346.6666666666665,0,-6.666666666666667,-60.0,5,720,720
286,287,M.205,7020,5400,16,-1620,27,3,1,13,1,3,592,Móng Thép,Thép Số,14.875,16.5,8820.0,8797.5,0,1282.5,-390.0,5,1140,1140
287,288,M.23,1020,720,5,-300,27,21,1,4,1,1,343,Móng Thép,Thép Số,6.333333333333333,7.0,2610.0,2170.0,0,510.8333333333333,180.0,2,360,360
288,289,M.303,1500,1800,5,300,27,-1,0,6,1,2,307,Móng Thép,Thép Số,5.0,3.0,1500.0,1533.3333333333333,1,286.6666666666667,0.0,4,500,500
289,290,M.306,2580,4320,8,1740,27,-1,0,14,1,2,576,Móng Thép,Thép Số,11.222222222222221,13.0,6360.0,6460.0,0,2740.0,1440.0,9,480,480
290,291,M.401,3720,3240,9,-480,27,4,1,8,1,2,530,Móng Thép,Thép Số,11.75,11.0,7170.0,6225.0,0,1095.0,-300.0,5,720,720
291,292,M.501,2400,3240,12,840,27,-1,0,17,1,2,232,Móng Thép,Thép XK,8.777777777777779,9.0,1920.0,2035.5555555555557,0,1375.5555555555557,840.0,8,420,420
292,293,M.555,12600,13520,19,920,27,-1,0,21,1,3,506,Móng Thép,Thép XK,15.375,19.0,9030.0,7770.0,0,3938.75,2340.0,9,1560,1560
293,294,AB.202,60,60,1,0,30,20,1,1,2,1,60,Da Inox,Inox 3M,1.0,1.0,60.0,60.0,1,0.0,0.0,1,60,60
294,295,C.03-12,360,360,2,0,30,10,1,2,2,1,183,Da Inox,Inox 2M,6.75,7.5,900.0,1230.0,1,-255.0,-150.0,2,300,300
295,296,C.03-14,180,180,2,0,30,21,1,2,2,1,160,Da Inox,Inox 2M,2.0,2.0,240.0,320.0,1,20.0,0.0,2,120,120
296,297,C.04-12,1440,720,8,-720,30,3,1,4,2,1,179,Da Inox,Inox 2M,7.4,8.0,1440.0,1320.0,1,-104.0,-280.0,2,660,660
297,298,C.04-14,1200,180,6,-1020,30,-2,0,1,2,1,277,Da Inox,Inox 2M,7.2,6.0,1200.0,1992.0,1,-464.0,-420.0,1,420,420
298,299,C.06-12,420,360,2,-60,30,13,1,2,2,1,187,Da Inox,Inox 2M,4.4,5.0,660.0,852.0,0,240.0,0.0,1,360,360
299,300,C.06-14,720,360,4,-360,30,-1,0,2,2,1,233,Da Inox,Inox 2M,5.333333333333333,4.0,720.0,1240.0,1,-180.0,-180.0,2,300,300
300,301,C.07-12,1260,360,6,-900,30,0,1,2,2,1,355,Da Inox,Inox 2M,5.75,4.5,750.0,2040.0,1,-510.0,-480.0,1,420,420
301,302,CL.101C-12,780,940,6,160,30,-2,0,8,2,1,207,Da Inox,Inox 2M,6.75,5.5,1080.0,1395.0,0,-120.0,-140.0,3,420,420
302,303,CL.101C-14,240,360,3,120,30,-1,0,5,2,1,144,Da Inox,Inox 2M,3.3333333333333335,3.0,240.0,480.0,1,-100.0,0.0,3,120,120
303,304,CL.201-3.5,1320,1200,11,-120,30,1,1,10,2,2,120,,,11.0,11.0,1320.0,1320.0,1,-120.0,-120.0,4,300,300
304,305,CL.201C-12,720,720,4,0,30,-2,0,4,2,1,165,Da Inox,Inox 2M,7.666666666666667,7.0,1080.0,1260.0,1,-180.0,-180.0,3,300,300
305,306,CL.201C-14,600,720,7,120,30,1,0,9,2,1,106,Da Inox,Inox 2M,8.5,8.5,900.0,900.0,0,-180.0,-180.0,6,120,120
306,307,CL.203-12,180,60,2,-120,30,-2,0,1,2,1,117,Da Inox,Inox 2M,5.666666666666667,7.0,420.0,660.0,0,-80.0,-120.0,1,120,120
307,308,D.01-12,900,200,10,-700,30,-2,0,3,2,1,114,Da Inox,Inox 2M,9.714285714285714,10.0,840.0,1105.7142857142858,0,-362.85714285714283,-420.0,2,120,120
308,309,D.01-14,27000,36180,27,9180,30,-2,0,37,2,4,1436,Da Inox,Inox 2M,20.333333333333332,25.0,27000.0,29186.666666666668,0,2968.8888888888887,1680.0,16,2280,2280
309,310,D.01-16,48360,44640,28,-3720,30,-2,0,26,2,5,1827,Da Inox,Inox 2M,20.444444444444443,25.0,44400.0,37333.333333333336,0,4633.333333333333,-3300.0,12,3900,3900
310,311,D.03-12,1500,820,13,-680,30,0,1,8,2,1,122,Da Inox,Inox 2M,6.375,6.5,660.0,772.5,0,747.5,-90.0,3,300,300
311,312,D.03-14NC,3660,3600,9,-60,30,5,1,9,2,2,377,,,8.666666666666666,9.0,3660.0,3260.0,0,780.0,780.0,3,1620,1620
312,313,D.03-14,17280,9420,25,-7860,30,1,1,14,2,3,553,Da Inox,Inox 2M,15.9,17.0,5190.0,8778.0,0,-2280.0,-2030.0,5,2160,2160
313,314,D.03-14NC,4980,5760,10,780,30,-2,0,12,2,3,377,,,8.666666666666666,9.0,3660.0,3260.0,0,780.0,780.0,6,1020,1020
314,315,D.03-16,18120,11400,26,-6720,30,0,1,17,2,3,580,Da Inox,Inox 2M,19.0,22.0,11370.0,11010.0,0,-660.0,-1530.0,7,1680,1680
315,316,D.04-12,2160,820,18,-1340,30,-2,0,7,2,1,108,Da Inox,Inox 2M,11.666666666666666,10.0,1140.0,1260.0,1,-493.3333333333333,-80.0,3,300,300
316,317,D.04-14,34680,24240,28,-10440,30,-2,0,20,2,4,904,Da Inox,Inox 2M,18.0,23.5,15090.0,16266.0,0,3222.0,1620.0,10,2520,2520
317,318,D.04-14,360,360,1,0,30,21,1,1,2,1,904,Da Inox,Inox 2M,18.0,23.5,15090.0,16266.0,0,3222.0,1620.0,1,360,360
318,319,D.04-16,40560,37200,28,-3360,30,-2,0,26,2,4,1188,Da Inox,Inox 2M,20.333333333333332,25.0,18240.0,24146.666666666668,0,9180.0,7860.0,13,2880,2880
319,320,D.05-12,240,120,3,-120,30,10,1,2,2,1,65,Da Inox,Inox 3M,2.8,2.0,120.0,180.0,0,24.0,60.0,1,120,120
320,321,D.05-14,3600,6180,22,2580,30,-2,0,38,2,3,139,Da Inox,Inox 3M,14.333333333333334,19.0,2460.0,1980.0,0,2893.3333333333335,2880.0,15,420,420
321,322,D.05-16,4020,7980,20,3960,30,1,0,40,2,3,219,Da Inox,Inox 3M,16.625,19.5,4170.0,3637.5,0,2040.0,1980.0,19,420,420
322,323,D.05V-14,180,1800,3,1620,30,1,0,30,2,2,60,Da Inox,Inox 3M,3.5,3.0,180.0,210.0,0,645.0,600.0,30,60,60
323,324,D.06-12,60,460,1,400,30,26,0,8,2,1,129,Da Inox,Inox 2M,5.0,6.0,480.0,642.8571428571429,0,408.57142857142856,600.0,8,60,60
324,325,D.06-14,13860,19620,22,5760,30,-1,0,32,2,3,757,Da Inox,Inox 2M,17.666666666666668,21.0,13860.0,13360.0,0,5224.444444444444,3720.0,14,1440,1440
325,326,D.06-16,19020,29220,27,10200,30,-1,0,42,2,4,742,Da Inox,Inox 2M,19.11111111111111,23.0,14700.0,14166.666666666666,0,5957.777777777777,2100.0,15,2040,2040
326,327,D.07-12,6960,1180,8,-5780,30,1,1,2,2,2,696,Da Inox,Inox 2M,5.75,3.5,780.0,3997.5,0,-2650.0,-90.0,1,2520,2520
327,328,D.07-14NC,24360,28740,16,4380,30,7,0,19,2,4,1266,,,11.666666666666666,16.0,17100.0,14760.0,0,13200.0,4380.0,8,3780,3780
328,329,D.07-14,22560,10920,25,-11640,30,-1,0,13,2,3,815,Da Inox,Inox 2M,15.11111111111111,17.0,6180.0,12313.333333333334,0,-4435.555555555556,-2520.0,6,2160,2160
329,330,D.07-16,10860,12900,18,2040,30,-2,0,22,2,3,668,Da Inox,Inox 2M,18.875,21.0,12300.0,12607.5,0,1382.5,2400.0,7,1860,1860
330,331,D.07-3.5,17040,16800,18,-240,30,1,1,18,2,3,947,Da Inox,Inox 2M,18.0,18.0,17040.0,17040.0,1,-240.0,-240.0,6,2940,2940
331,332,D.08-12,300,100,5,-200,30,1,1,2,2,1,133,Da Inox,Inox 2M,3.8,5.0,300.0,504.0,0,-40.0,60.0,2,60,60
332,333,D.08-14,5100,3920,20,-1180,30,-1,0,16,2,2,201,Da Inox,Inox 2M,11.875,10.0,2040.0,2377.5,0,67.5,330.0,6,780,780
333,334,D.08-16,3660,3680,20,20,30,-2,0,21,2,2,207,Da Inox,Inox 2M,12.714285714285714,11.0,2520.0,2622.8571428571427,0,411.42857142857144,660.0,6,720,720
334,335,D.09-12,200,100,2,-100,30,-2,0,1,2,1,143,Da Inox,Inox 2M,3.0,2.0,250.0,426.6666666666667,0,216.66666666666666,-20.0,1,100,100
335,336,D.09-14,10920,11280,27,360,30,-2,0,28,2,3,334,Da Inox,Inox 2M,18.555555555555557,23.0,4680.0,6193.333333333333,0,4177.777777777777,3100.0,12,960,960
336,337,D.09-16,11340,14640,25,3300,30,-2,0,33,2,3,529,Da Inox,Inox 2M,19.555555555555557,25.0,12840.0,10340.0,0,2217.777777777778,2540.0,14,1080,1080
337,338,D.18,14840,16100,25,1260,30,-1,0,28,2,3,987,Da Thép,Thép XK,18.555555555555557,24.0,18620.0,18313.333333333332,0,6877.777777777777,3580.0,9,1860,1860
338,339,D.18NC,1680,1800,8,120,30,3,0,9,2,2,210,,,8.0,8.0,1680.0,1680.0,0,120.0,120.0,3,660,660
339,340,D.2,780,6240,6,5460,30,7,0,48,2,3,151,Da Inox,Inox 2M,5.166666666666667,5.5,900.0,780.0,0,3950.0,5130.0,26,240,240
340,341,D.205,91380,76620,26,-14760,30,0,1,22,2,6,2390,Da Thép,Thép Số,17.77777777777778,24.0,43200.0,42480.0,0,-1060.0,-2580.0,10,8220,8220
341,342,D.206,50880,72020,27,21140,30,-1,0,39,2,6,1871,Da Thép,Thép Số,17.666666666666668,21.0,38460.0,33053.333333333336,0,8742.222222222223,10380.0,13,5880,5880
342,343,D.208,30180,43380,21,13200,30,-1,0,31,2,5,1063,Da Thép,Thép Số,16.857142857142858,21.0,25020.0,17902.85714285714,0,7665.714285714285,6120.0,13,3600,3600
343,344,D.22,27420,15840,23,-11580,30,-1,0,14,2,3,1289,Da Thép,Thép Số,14.666666666666666,20.0,27420.0,18900.0,0,-4620.0,-11220.0,5,3300,3300
344,345,D.23,30960,27000,14,-3960,30,0,1,13,2,4,1146,Da Thép,Thép Số,10.375,11.5,8610.0,11887.5,0,1087.5,450.0,6,4560,4560
345,346,D.23NC,1080,900,5,-180,30,19,1,5,2,1,677,,,8.666666666666666,5.0,1680.0,5860.0,1,-2140.0,-300.0,2,480,480
346,347,D.28,3780,1800,16,-1980,30,2,1,8,2,2,237,Da Thép,Thép XK,16.0,16.0,3780.0,3780.0,1,-1980.0,-1980.0,3,780,780
347,348,D.302,19600,18200,24,-1400,30,1,1,23,2,3,1420,Da Thép,Thép Số,14.555555555555555,14.0,19600.0,20655.555555555555,0,1500.0,-900.0,8,2500,2500
348,349,D.401,46020,68097,27,22077,30,-1,0,40,2,6,1873,Da Thép,Thép Số,17.88888888888889,21.0,38760.0,33493.333333333336,0,8117.444444444444,1740.0,22,3120,3120
349,350,D.501,21040,23720,27,2680,30,-1,0,31,2,4,799,Da Thép,Thép XK,15.1,15.5,12740.0,12062.0,0,5080.0,1840.0,16,1560,1560
350,351,D.501-14NC,25680,25200,25,-480,30,-1,0,25,2,4,927,,,20.6,24.0,22380.0,19092.0,0,-2220.0,-1740.0,12,2220,2220
351,352,D.506,12580,16878,24,4298,30,0,0,33,2,3,713,Da Thép,Thép XK,16.88888888888889,21.0,9640.0,12040.0,0,8330.888888888889,8900.0,9,1880,1880
352,353,D.507,13500,7620,19,-5880,30,2,1,11,2,3,398,Da Thép,Thép XK,13.11111111111111,15.0,4020.0,5206.666666666667,0,5440.0,7800.0,6,1500,1500
353,354,D.507V,15000,7440,26,-7560,30,-1,0,13,2,3,377,Da Thép,Thép XK,13.88888888888889,13.0,4320.0,5226.666666666667,0,2933.3333333333335,1620.0,6,1380,1380
354,355,D.555,109500,82273,27,-27227,30,-1,0,21,2,6,4700,Da Thép,Thép XK,18.5,24.0,92370.0,86934.0,0,16913.3,-3840.0,11,7500,7500
355,356,D.555KD,10260,6780,7,-3480,30,12,1,5,2,3,1734,,,9.75,9.5,12910.0,16900.0,1,-4315.0,-3810.0,2,4260,4260
356,357,D.555NC,3540,2760,12,-780,30,-1,0,10,2,2,295,,,12.0,12.0,3540.0,3540.0,0,-780.0,-780.0,2,1380,1380
357,358,D.666,1740,3780,8,2040,30,1,0,18,2,2,379,Da Thép,Thép XK,11.777777777777779,12.0,3360.0,4453.333333333333,0,3486.6666666666665,2040.0,7,600,600
358,359,D.777,13320,13200,22,-120,30,-1,0,22,2,3,953,Da Thép,Thép XK,16.88888888888889,22.0,13680.0,16080.0,0,4033.3333333333335,1800.0,9,1500,1500
359,360,EVO.01V-14,180,125,1,-55,30,27,1,1,2,1,120,Da Inox,Inox 2M,2.0,1.0,180.0,240.0,1,-191.66666666666666,-55.0,1,180,180
360,361,KD2-0048,1700,1300,3,-400,30,3,1,3,2,2,567,Da Inox,Inox 2M,3.0,3.0,1700.0,1700.0,1,-400.0,-400.0,2,1000,1000
361,362,KD2-0056,5280,4600,4,-680,30,1,1,4,2,2,1136,Da Inox,Inox 2M,2.5,2.5,2840.0,2840.0,1,-360.0,-360.0,2,2400,2400
362,363,KD2-0059,2960,1320,4,-1640,30,-1,0,2,2,2,740,Da Inox,Inox 2M,4.0,4.0,2960.0,2960.0,0,-1640.0,-1640.0,1,2000,2000
363,364,KD2-0063,10000,7240,9,-2760,30,3,1,7,2,3,1324,Da Inox,Inox 2M,3.6666666666666665,1.0,4160.0,4853.333333333333,0,-1960.0,-2760.0,2,4000,4000
364,365,KD2-0064,80,360,1,280,30,28,0,5,2,1,240,Da Inox,Inox 2M,1.0,1.0,240.0,240.0,0,80.0,80.0,5,80,80
365,366,KD2-0121,500,500,1,0,30,15,1,1,2,1,500,Da Inox,Inox 2M,1.0,1.0,500.0,500.0,1,0.0,0.0,1,500,500
366,367,KD2-0122,500,500,1,0,30,15,1,1,2,1,500,Da Inox,Inox 2M,1.0,1.0,500.0,500.0,1,0.0,0.0,1,500,500
367,368,KD2-0125,400,500,1,100,30,14,0,2,2,1,400,Da Inox,Inox 2M,1.0,1.0,400.0,400.0,0,100.0,100.0,2,400,400
368,369,KD2-0211,2300,2500,15,200,30,0,0,17,2,2,200,Da Inox,Inox 2M,14.0,15.0,2700.0,2800.0,0,614.2857142857143,400.0,5,500,500
369,370,KD2-0282,240,400,2,160,30,23,0,4,2,1,120,Da Inox,Inox 2M,2.0,2.0,240.0,240.0,0,160.0,160.0,3,180,180
370,371,KD2-0288,2400,2450,11,50,30,7,0,12,2,2,173,Da Inox,Inox 2M,5.666666666666667,4.0,300.0,980.0,0,53.333333333333336,50.0,7,360,360
371,372,KD2-0290,500,500,2,0,30,19,1,2,2,1,250,Da Inox,Inox 2M,2.0,2.0,500.0,500.0,1,0.0,0.0,2,300,300
372,373,KD2-0370,400,360,3,-40,30,19,1,3,2,1,134,Da Inox,Inox 2M,3.0,3.0,400.0,400.0,1,-40.0,-40.0,2,200,200
373,374,KD2-0371,400,360,3,-40,30,17,1,3,2,1,134,Da Inox,Inox 2M,3.0,3.0,400.0,400.0,1,-40.0,-40.0,2,200,200
374,375,KD2-0609,120,220,1,100,30,26,0,2,2,1,120,Da Inox,Inox 2M,1.0,1.0,120.0,120.0,0,100.0,100.0,2,120,120
375,376,KD2-0610,660,640,2,-20,30,26,1,2,2,1,330,Da Inox,Inox 2M,2.0,2.0,660.0,660.0,1,-20.0,-20.0,2,480,480
376,377,KD2-0881,800,800,4,0,30,14,1,4,2,1,200,Da Inox,Inox 2M,4.0,4.0,800.0,800.0,1,0.0,0.0,2,400,400
377,378,KD2-1341,500,500,4,0,30,9,1,4,2,1,125,,,4.0,4.0,500.0,500.0,1,0.0,0.0,3,200,200
378,379,KD2-1342,500,500,3,0,30,10,1,3,2,1,167,,,3.0,3.0,500.0,500.0,1,0.0,0.0,3,200,200
379,380,KD2-1427,2040,2000,7,-40,30,0,1,7,2,2,292,,,7.0,7.0,2040.0,2040.0,1,-40.0,-40.0,5,420,420
380,381,KD2-1470,60,80,1,20,30,22,0,2,2,1,120,,,2.0,2.0,240.0,240.0,0,50.0,50.0,2,60,60
381,382,KD2-1471,120,140,1,20,30,21,0,2,2,1,135,,,2.0,2.0,270.0,270.0,0,50.0,50.0,2,120,120
382,383,KDT-0002,600,500,3,-100,30,26,1,3,2,1,200,Da Thép,Thép XK,3.0,3.0,600.0,600.0,1,-100.0,-100.0,2,300,300
383,384,KDT-0003,600,500,3,-100,30,26,1,3,2,1,200,Da Thép,Thép XK,3.0,3.0,600.0,600.0,1,-100.0,-100.0,2,300,300
384,385,KDT-0004,200,200,1,0,30,28,1,1,2,1,250,Da Thép,Thép XK,1.0,1.0,250.0,250.0,0,100.0,100.0,1,200,200
385,386,KDT-0299,1000,1000,3,0,30,17,1,3,2,2,288,Da Thép,Thép XK,4.0,4.0,1150.0,1150.0,1,-150.0,-150.0,3,400,400
386,387,KDT-1008,2200,1000,3,-1200,30,24,1,2,2,2,734,Da Thép,Thép XK,3.0,3.0,2200.0,2200.0,1,-1200.0,-1200.0,1,1000,1000
387,388,KDT-1317,1220,800,2,-420,30,13,1,2,2,1,610,,,2.0,2.0,1220.0,1220.0,1,-420.0,-420.0,1,1100,1100
388,389,KDT-1602,60,500,1,440,30,16,0,9,2,1,60,,,1.0,1.0,60.0,60.0,0,440.0,440.0,9,60,60
389,390,KM2-1176,1520,2400,10,880,30,13,0,16,2,2,222,,Inox 2M,9.166666666666666,9.0,1600.0,2026.6666666666667,0,233.33333333333334,20.0,10,240,240
390,391,KM2-1434,4000,2160,15,-1840,30,8,1,9,2,2,212,,,11.2,10.0,1360.0,2368.0,0,730.0,40.0,4,560,560
391,392,KM2-1474,240,260,3,20,30,1,0,4,2,1,90,,,3.0,3.0,270.0,270.0,0,110.0,110.0,3,120,120
392,393,KM2-1475,420,500,3,80,30,21,0,4,2,1,140,,,3.0,3.0,420.0,420.0,0,80.0,80.0,3,180,180
393,394,M.01,6840,6580,22,-260,30,-2,0,22,2,3,240,Móng Inox,Inox 2M,11.666666666666666,14.0,2160.0,2793.3333333333335,0,455.55555555555554,960.0,6,1140,1140
394,395,M.03,1740,1800,6,60,30,-2,0,7,2,2,166,Móng Inox,Inox 2M,6.0,6.0,900.0,994.2857142857143,0,171.42857142857142,60.0,2,960,960
395,396,M.04,3480,5960,12,2480,30,-2,0,21,2,3,237,Móng Inox,Inox 2M,8.666666666666666,8.5,2070.0,2050.0,0,1633.3333333333333,2070.0,9,720,720
396,397,M.18,5100,3300,13,-1800,30,8,1,9,2,2,437,Móng Thép,Thép XK,7.666666666666667,8.0,3660.0,3346.6666666666665,0,-6.666666666666667,-60.0,4,1020,1020
397,398,M.205,10620,13620,17,3000,30,1,0,22,2,3,592,Móng Thép,Thép Số,14.875,16.5,8820.0,8797.5,0,1282.5,-390.0,10,1440,1440
398,399,M.23,3540,6125,6,2585,30,0,0,11,2,3,343,Móng Thép,Thép Số,6.333333333333333,7.0,2610.0,2170.0,0,510.8333333333333,180.0,5,1500,1500
399,400,M.303,2300,1800,9,-500,30,2,1,8,2,2,307,Móng Thép,Thép Số,5.0,3.0,1500.0,1533.3333333333333,1,286.6666666666667,0.0,3,600,600
400,401,M.306,10080,10980,17,900,30,-1,0,19,2,3,576,Móng Thép,Thép Số,11.222222222222221,13.0,6360.0,6460.0,0,2740.0,1440.0,7,1800,1800
401,402,M.401,7800,10380,13,2580,30,1,0,18,2,3,530,Móng Thép,Thép Số,11.75,11.0,7170.0,6225.0,0,1095.0,-300.0,8,1440,1440
402,403,M.501,2540,4220,10,1680,30,2,0,17,2,2,232,Móng Thép,Thép XK,8.777777777777779,9.0,1920.0,2035.5555555555557,0,1375.5555555555557,840.0,4,1220,1220
403,404,M.555,10020,11190,19,1170,30,-1,0,22,2,3,506,Móng Thép,Thép XK,15.375,19.0,9030.0,7770.0,0,3938.75,2340.0,10,1140,1140
404,405,NL.102,420,440,4,20,30,2,0,5,2,1,215,Móng Inox,Inox 2M,6.0,6.0,1290.0,1290.0,0,-100.0,-100.0,3,180,180
405,406,C.04-12,2220,1940,11,-280,29,1,1,10,3,2,179,Da Inox,Inox 2M,7.4,8.0,1440.0,1320.0,1,-104.0,-280.0,4,540,540
406,407,C.04-14,5700,5000,15,-700,29,1,1,14,3,3,277,Da Inox,Inox 2M,7.2,6.0,1200.0,1992.0,1,-464.0,-420.0,5,1080,1080
407,408,C.04-16,2760,2000,11,-760,29,-4,0,8,3,2,216,Da Inox,Inox 2M,8.5,8.5,1830.0,1830.0,0,-290.0,-290.0,3,840,840
408,409,C.06-12,840,720,5,-120,29,16,1,5,3,1,187,Da Inox,Inox 2M,4.4,5.0,660.0,852.0,0,240.0,0.0,2,360,360
409,410,C.07-12,6600,4800,13,-1800,29,2,1,10,3,2,355,Da Inox,Inox 2M,5.75,4.5,750.0,2040.0,1,-510.0,-480.0,4,1560,1560
410,411,C.07-16,3600,3000,10,-600,29,4,1,9,3,2,300,Da Inox,Inox 2M,4.666666666666667,2.0,360.0,1400.0,1,-200.0,0.0,4,960,960
411,412,C.111,2580,1440,9,-1140,29,7,1,6,3,2,265,Da Thép,Thép XK,5.666666666666667,7.0,1860.0,1500.0,1,-899.0,-1140.0,3,540,540
412,413,C.112,2640,1440,11,-1200,29,9,1,6,3,2,285,Da Thép,Thép XK,5.4,3.0,780.0,1536.0,1,-575.4,-360.0,3,480,480
413,414,C.37-14,60,60,1,0,29,8,1,1,3,1,84,Da Inox,Inox 2M,1.6666666666666667,2.0,180.0,140.0,0,100.0,120.0,1,60,60
414,415,CL.101C-12,1080,720,5,-360,29,18,1,4,3,1,207,Da Inox,Inox 2M,6.75,5.5,1080.0,1395.0,0,-120.0,-140.0,2,540,540
415,416,CL.101C-14,1140,720,6,-420,29,16,1,4,3,1,144,Da Inox,Inox 2M,3.3333333333333335,3.0,240.0,480.0,1,-100.0,0.0,2,540,540
416,417,CL.201C-12,1080,720,7,-360,29,5,1,5,3,1,165,Da Inox,Inox 2M,7.666666666666667,7.0,1080.0,1260.0,1,-180.0,-180.0,2,360,360
417,418,CL.201C-14,1200,720,10,-480,29,4,1,6,3,1,106,Da Inox,Inox 2M,8.5,8.5,900.0,900.0,0,-180.0,-180.0,3,300,300
418,419,D.01-12,1740,1260,19,-480,29,1,1,14,3,2,114,Da Inox,Inox 2M,9.714285714285714,10.0,840.0,1105.7142857142858,0,-362.85714285714283,-420.0,7,180,180
419,420,D.01-14,49620,34260,25,-15360,29,-4,0,18,3,4,1436,Da Inox,Inox 2M,20.333333333333332,25.0,27000.0,29186.666666666668,0,2968.8888888888887,1680.0,11,3180,3180
420,421,D.01-16,46200,42900,25,-3300,29,-4,0,24,3,5,1827,Da Inox,Inox 2M,20.444444444444443,25.0,44400.0,37333.333333333336,0,4633.333333333333,-3300.0,12,3660,3660
421,422,D.03-12,720,300,5,-420,29,3,1,3,3,1,122,Da Inox,Inox 2M,6.375,6.5,660.0,772.5,0,747.5,-90.0,1,300,300
422,423,D.03-14,4800,4580,10,-220,29,-4,0,10,3,2,553,Da Inox,Inox 2M,15.9,17.0,5190.0,8778.0,0,-2280.0,-2030.0,6,900,900
423,424,D.03-14NC,1140,2760,7,1620,29,4,0,17,3,2,377,,,8.666666666666666,9.0,3660.0,3260.0,0,780.0,780.0,5,600,600
424,425,D.03-16,3540,7440,10,3900,29,-4,0,22,3,3,580,Da Inox,Inox 2M,19.0,22.0,11370.0,11010.0,0,-660.0,-1530.0,10,780,780
425,426,D.03-16NC,300,720,5,420,29,8,0,12,3,1,60,,,5.0,5.0,300.0,300.0,0,420.0,420.0,12,60,60
426,427,D.04-14,30780,23700,25,-7080,29,-4,0,20,3,4,904,Da Inox,Inox 2M,18.0,23.5,15090.0,16266.0,0,3222.0,1620.0,10,2460,2460
427,428,D.04-16,18240,34800,25,16560,29,-4,0,48,3,4,1188,Da Inox,Inox 2M,20.333333333333332,25.0,18240.0,24146.666666666668,0,9180.0,7860.0,29,1200,1200
428,429,D.05-12,120,180,2,60,29,4,0,3,3,1,65,Da Inox,Inox 3M,2.8,2.0,120.0,180.0,0,24.0,60.0,3,60,60
429,430,D.05-14,2460,5340,19,2880,29,-4,0,42,3,3,139,Da Inox,Inox 3M,14.333333333333334,19.0,2460.0,1980.0,0,2893.3333333333335,2880.0,18,300,300
430,431,D.05-16,4320,6240,19,1920,29,-4,0,28,3,3,219,Da Inox,Inox 3M,16.625,19.5,4170.0,3637.5,0,2040.0,1980.0,12,540,540
431,432,D.06-14,20280,19800,21,-480,29,1,1,21,3,3,757,Da Inox,Inox 2M,17.666666666666668,21.0,13860.0,13360.0,0,5224.444444444444,3720.0,12,1680,1680
432,433,D.06-16,28200,23040,25,-5160,29,-4,0,21,3,4,742,Da Inox,Inox 2M,19.11111111111111,23.0,14700.0,14166.666666666666,0,5957.777777777777,2100.0,10,2340,2340
433,434,D.07-12,13860,360,12,-13500,29,1,1,1,3,1,696,Da Inox,Inox 2M,5.75,3.5,780.0,3997.5,0,-2650.0,-90.0,1,2520,2520
434,435,D.07-14,5580,8040,8,2460,29,18,0,12,3,3,815,Da Inox,Inox 2M,15.11111111111111,17.0,6180.0,12313.333333333334,0,-4435.555555555556,-2520.0,5,1680,1680
435,436,D.07-14NC,17100,18600,18,1500,29,1,0,20,3,3,1266,,,11.666666666666666,16.0,17100.0,14760.0,0,13200.0,4380.0,12,1680,1680
436,437,D.07-16,12060,14820,21,2760,29,1,0,26,3,3,668,Da Inox,Inox 2M,18.875,21.0,12300.0,12607.5,0,1382.5,2400.0,7,2340,2340
437,438,D.08-12,120,180,2,60,29,1,0,3,3,1,133,Da Inox,Inox 2M,3.8,5.0,300.0,504.0,0,-40.0,60.0,3,60,60
438,439,D.08-14,1860,2640,12,780,29,-4,0,18,3,2,201,Da Inox,Inox 2M,11.875,10.0,2040.0,2377.5,0,67.5,330.0,4,660,660
439,440,D.08-16,2520,3840,15,1320,29,-4,0,23,3,2,207,Da Inox,Inox 2M,12.714285714285714,11.0,2520.0,2622.8571428571427,0,411.42857142857144,660.0,4,1200,1200
440,441,D.09-12,300,360,3,60,29,2,0,4,3,1,143,Da Inox,Inox 2M,3.0,2.0,250.0,426.6666666666667,0,216.66666666666666,-20.0,4,100,100
441,442,D.09-14,9660,12760,24,3100,29,-4,0,32,3,3,334,Da Inox,Inox 2M,18.555555555555557,23.0,4680.0,6193.333333333333,0,4177.777777777777,3100.0,15,900,900
442,443,D.09-16,13860,16540,24,2680,29,-4,0,29,3,3,529,Da Inox,Inox 2M,19.555555555555557,25.0,12840.0,10340.0,0,2217.777777777778,2540.0,12,1380,1380
443,444,D.18,25420,24700,24,-720,29,1,1,24,3,4,987,Da Thép,Thép XK,18.555555555555557,24.0,18620.0,18313.333333333332,0,6877.777777777777,3580.0,12,2160,2160
444,445,D.2,720,5820,5,5100,29,2,0,41,3,3,151,Da Inox,Inox 2M,5.166666666666667,5.5,900.0,780.0,0,3950.0,5130.0,25,240,240
445,446,D.205,58860,43020,24,-15840,29,1,1,18,3,5,2390,Da Thép,Thép Số,17.77777777777778,24.0,43200.0,42480.0,0,-1060.0,-2580.0,7,6480,6480
446,447,D.206,48840,51180,24,2340,29,1,0,26,3,5,1871,Da Thép,Thép Số,17.666666666666668,21.0,38460.0,33053.333333333336,0,8742.222222222223,10380.0,8,7020,7020
447,448,D.208,28300,33720,24,5420,29,1,0,29,3,4,1063,Da Thép,Thép Số,16.857142857142858,21.0,25020.0,17902.85714285714,0,7665.714285714285,6120.0,14,2520,2520
448,449,D.22NC,5580,3600,15,-1980,29,1,1,10,3,2,1421,,,17.666666666666668,16.0,33240.0,25100.0,0,-4340.0,-3960.0,3,1380,1380
449,450,D.23,10680,16740,17,6060,29,1,0,27,3,3,1146,Da Thép,Thép Số,10.375,11.5,8610.0,11887.5,0,1087.5,450.0,10,1800,1800
450,451,D.23NC,14820,8880,16,-5940,29,3,1,10,3,3,677,,,8.666666666666666,5.0,1680.0,5860.0,1,-2140.0,-300.0,4,2520,2520
451,452,D.302,32900,30000,14,-2900,29,1,1,13,3,4,1420,Da Thép,Thép Số,14.555555555555555,14.0,19600.0,20655.555555555555,0,1500.0,-900.0,4,8300,8300
452,453,D.401,56280,47960,24,-8320,29,1,1,21,3,5,1873,Da Thép,Thép Số,17.88888888888889,21.0,38760.0,33493.333333333336,0,8117.444444444444,1740.0,11,4740,4740
453,454,D.501,15940,16900,24,960,29,1,0,26,3,3,799,Da Thép,Thép XK,15.1,15.5,12740.0,12062.0,0,5080.0,1840.0,11,1620,1620
454,455,D.501-14NC,22740,18000,21,-4740,29,1,1,17,3,3,927,,,20.6,24.0,22380.0,19092.0,0,-2220.0,-1740.0,8,2400,2400
455,456,D.501NC,27240,15480,24,-11760,29,1,1,14,3,3,985,,,22.333333333333332,24.0,25980.0,21980.0,0,-2200.0,-1560.0,6,2880,2880
456,457,D.506,9640,18540,22,8900,29,1,0,43,3,3,713,Da Thép,Thép XK,16.88888888888889,21.0,9640.0,12040.0,0,8330.888888888889,8900.0,18,1080,1080
457,458,D.507,2160,9960,15,7800,29,1,0,70,3,3,398,Da Thép,Thép XK,13.11111111111111,15.0,4020.0,5206.666666666667,0,5440.0,7800.0,28,360,360
458,459,D.507V,8700,8100,24,-600,29,1,1,23,3,3,377,Da Thép,Thép XK,13.88888888888889,13.0,4320.0,5226.666666666667,0,2933.3333333333335,1620.0,10,840,840
459,460,D.555,69720,102700,24,32980,29,1,0,36,3,6,4700,Da Thép,Thép XK,18.5,24.0,92370.0,86934.0,0,16913.3,-3840.0,13,8040,8040
460,461,D.555KD,14240,16860,15,2620,29,2,0,18,3,3,1734,,,9.75,9.5,12910.0,16900.0,1,-4315.0,-3810.0,7,2580,2580
461,462,D.666,3900,5460,12,1560,29,1,0,17,3,3,379,Da Thép,Thép XK,11.777777777777779,12.0,3360.0,4453.333333333333,0,3486.6666666666665,2040.0,7,900,900
462,463,D.777,13680,17040,24,3360,29,1,0,30,3,3,953,Da Thép,Thép XK,16.88888888888889,22.0,13680.0,16080.0,0,4033.3333333333335,1800.0,10,1740,1740
463,464,KD2-0047,500,500,1,0,29,21,1,1,3,1,500,Da Inox,Inox 2M,1.0,1.0,500.0,500.0,1,0.0,0.0,1,500,500
464,465,KD2-0211,3200,5000,15,1800,29,1,0,24,3,3,200,Da Inox,Inox 2M,14.0,15.0,2700.0,2800.0,0,614.2857142857143,400.0,10,500,500
465,466,KD2-0288,300,450,2,150,29,4,0,3,3,1,173,Da Inox,Inox 2M,5.666666666666667,4.0,300.0,980.0,0,53.333333333333336,50.0,3,180,180
466,467,KD2-0551,3200,2600,5,-600,29,18,1,5,3,2,640,Da Inox,Inox 2M,5.0,5.0,3200.0,3200.0,1,-600.0,-600.0,3,1200,1200
467,468,KD2-0552,2800,2600,5,-200,29,18,1,5,3,2,560,Da Inox,Inox 2M,5.0,5.0,2800.0,2800.0,1,-200.0,-200.0,4,800,800
468,469,KD2-0701,780,2000,6,1220,29,3,0,16,3,2,130,Da Inox,Inox 2M,6.0,6.0,780.0,780.0,0,1220.0,1220.0,9,240,240
469,470,KD2-0903,1100,1000,4,-100,29,7,1,4,3,2,250,Da Inox,Inox 2M,3.0,3.0,750.0,750.0,1,-50.0,-50.0,2,600,600
470,471,KD2-0904,1000,1000,3,0,29,8,1,3,3,2,275,Da Inox,Inox 2M,2.0,2.0,550.0,550.0,0,450.0,450.0,2,500,500
471,472,KD2-0928,1300,1000,6,-300,29,2,1,5,3,2,217,Da Inox,Inox 2M,6.0,6.0,1300.0,1300.0,1,-300.0,-300.0,3,400,400
472,473,KD2-0929,1900,1000,8,-900,29,3,1,5,3,2,238,Da Inox,Inox 2M,8.0,8.0,1900.0,1900.0,1,-900.0,-900.0,3,400,400
473,474,KD2-0953,500,500,3,0,29,12,1,3,3,1,167,Da Inox,Inox 2M,3.0,3.0,500.0,500.0,1,0.0,0.0,2,300,300
474,475,KD2-1000,2400,1500,11,-900,29,2,1,7,3,2,219,Da Inox,Inox 2M,11.0,11.0,2400.0,2400.0,1,-900.0,-900.0,3,600,600
475,476,KD2-1144,600,2500,2,1900,29,1,0,9,3,2,152,,,11.0,13.0,1900.0,1666.6666666666667,0,566.6666666666666,200.0,7,400,400
476,477,KD2-1492,180,500,3,320,29,5,0,9,3,1,60,,,3.0,3.0,180.0,180.0,0,320.0,320.0,9,60,60
477,478,KD2-1493,420,500,3,80,29,5,0,4,3,1,140,,,3.0,3.0,420.0,420.0,0,80.0,80.0,3,180,180
478,479,KD2-1494,480,500,4,20,29,7,0,5,3,1,120,,,4.0,4.0,480.0,480.0,0,20.0,20.0,3,240,240
479,480,KD2-1495,480,500,4,20,29,5,0,5,3,1,120,,,4.0,4.0,480.0,480.0,0,20.0,20.0,3,240,240
480,481,KD2-1497,540,500,4,-40,29,5,1,4,3,1,135,,,4.0,4.0,540.0,540.0,1,-40.0,-40.0,3,180,180
481,482,KD2-1553,480,500,5,20,29,3,0,6,3,1,96,,,5.0,5.0,480.0,480.0,0,20.0,20.0,3,240,240
482,483,KD2-1557,480,500,4,20,29,2,0,5,3,1,120,,,4.0,4.0,480.0,480.0,0,20.0,20.0,3,180,180
483,484,KD2-1558,480,500,2,20,29,12,0,3,3,1,240,,,2.0,2.0,480.0,480.0,0,20.0,20.0,2,360,360
484,485,KD2-1579,900,500,4,-400,29,1,1,3,3,1,223,,,4.5,4.5,1000.0,1000.0,0,-650.0,-650.0,2,400,400
485,486,KD3-1115,800,800,5,0,29,7,1,5,3,1,160,Da Inox,Inox 3M,5.0,5.0,800.0,800.0,1,-150.0,-150.0,2,400,400
486,487,KD3-1577,500,500,5,0,29,-4,0,5,3,1,100,,,5.0,5.0,500.0,500.0,0,0.0,0.0,5,100,100
487,488,KD3-1578,300,500,3,200,29,-4,0,5,3,1,200,,,5.0,5.0,1000.0,1000.0,0,-500.0,-500.0,5,100,100
488,489,KM2-0212,2400,640,17,-1760,29,1,1,5,3,1,132,Móng Inox,Inox 2M,11.666666666666666,13.0,1280.0,1533.3333333333333,0,280.0,80.0,3,240,240
489,490,KM2-0276,3720,3920,12,200,29,5,0,13,3,2,310,Móng Inox,Inox 2M,12.0,12.0,3720.0,3720.0,0,200.0,200.0,4,1200,1200
490,491,KM2-1434,800,2520,6,1720,29,-4,0,19,3,2,212,,,11.2,10.0,1360.0,2368.0,0,730.0,40.0,11,240,240
491,492,KM2-1491,480,500,5,20,29,5,0,6,3,1,96,,,5.0,5.0,480.0,480.0,0,20.0,20.0,3,180,180
492,493,KMT-1560,480,500,1,20,29,21,0,2,3,1,480,,,1.0,1.0,480.0,480.0,0,20.0,20.0,2,480,480
493,494,M.01,2040,4400,14,2360,29,2,0,31,3,2,240,Móng Inox,Inox 2M,11.666666666666666,14.0,2160.0,2793.3333333333335,0,455.55555555555554,960.0,9,540,540
494,495,M.03,300,1680,4,1380,29,7,0,23,3,2,166,Móng Inox,Inox 2M,6.0,6.0,900.0,994.2857142857143,0,171.42857142857142,60.0,14,120,120
495,496,M.04,1560,3780,10,2220,29,8,0,25,3,2,237,Móng Inox,Inox 2M,8.666666666666666,8.5,2070.0,2050.0,0,1633.3333333333333,2070.0,11,360,360
496,497,M.05,300,360,5,60,29,-4,0,6,3,1,104,Móng Inox,Inox 3M,3.75,4.5,330.0,390.0,0,-45.0,-30.0,6,60,60
497,498,M.18,3840,3120,7,-720,29,3,1,6,3,2,437,Móng Thép,Thép XK,7.666666666666667,8.0,3660.0,3346.6666666666665,0,-6.666666666666667,-60.0,3,1140,1140
498,499,M.205,12780,13020,21,240,29,2,0,22,3,3,592,Móng Thép,Thép Số,14.875,16.5,8820.0,8797.5,0,1282.5,-390.0,11,1200,1200
499,500,M.23,2400,3000,8,600,29,2,0,10,3,2,343,Móng Thép,Thép Số,6.333333333333333,7.0,2610.0,2170.0,0,510.8333333333333,180.0,5,720,720
500,501,M.303,300,3000,2,2700,29,19,0,20,3,2,307,Móng Thép,Thép Số,5.0,3.0,1500.0,1533.3333333333333,1,286.6666666666667,0.0,15,200,200
501,502,M.306,7560,15240,13,7680,29,1,0,27,3,3,576,Móng Thép,Thép Số,11.222222222222221,13.0,6360.0,6460.0,0,2740.0,1440.0,12,1320,1320
502,503,M.401,7620,7320,18,-300,29,5,1,18,3,3,530,Móng Thép,Thép Số,11.75,11.0,7170.0,6225.0,0,1095.0,-300.0,9,840,840
503,504,M.501,3900,4440,16,540,29,1,0,19,3,2,232,Móng Thép,Thép XK,8.777777777777779,9.0,1920.0,2035.5555555555557,0,1375.5555555555557,840.0,8,600,600
504,505,M.555,6660,9000,17,2340,29,2,0,23,3,3,506,Móng Thép,Thép XK,15.375,19.0,9030.0,7770.0,0,3938.75,2340.0,8,1260,1260
505,506,N.03,60,60,1,0,29,26,1,1,3,1,60,Móng Inox,Inox 2M,1.0,1.0,60.0,60.0,0,30.0,30.0,1,60,60
506,507,N.04,60,60,1,0,29,12,1,1,3,1,60,Móng Inox,Inox 2M,1.5,1.5,90.0,90.0,0,30.0,30.0,1,60,60
507,508,N.118,120,60,1,-60,29,11,1,1,3,1,150,Da Thép,Thép XK,1.0,1.0,150.0,150.0,1,-30.0,-30.0,1,120,120
508,509,C.03-12,2760,2640,9,-120,30,4,1,9,4,2,183,Da Inox,Inox 2M,6.75,7.5,900.0,1230.0,1,-255.0,-150.0,5,600,600
509,510,C.03-14,540,540,2,0,30,17,1,2,4,1,160,Da Inox,Inox 2M,2.0,2.0,240.0,320.0,1,20.0,0.0,2,420,420
510,511,C.04-12,2220,2700,13,480,30,-1,0,16,4,2,179,Da Inox,Inox 2M,7.4,8.0,1440.0,1320.0,1,-104.0,-280.0,7,420,420
511,512,C.04-14,600,540,4,-60,30,17,1,4,4,1,277,Da Inox,Inox 2M,7.2,6.0,1200.0,1992.0,1,-464.0,-420.0,3,240,240
512,513,C.05-12,120,120,1,0,30,17,1,1,4,1,144,Da Inox,Inox 2M,2.5,2.5,360.0,360.0,0,-30.0,-30.0,1,120,120
513,514,C.05-14,120,120,2,0,30,17,1,2,4,1,60,Da Inox,Inox 2M,2.0,2.0,120.0,120.0,1,0.0,0.0,2,60,60
514,515,C.06-12,1800,1800,6,0,30,-1,0,6,4,2,187,Da Inox,Inox 2M,4.4,5.0,660.0,852.0,0,240.0,0.0,2,900,900
515,516,C.06-14,120,120,1,0,30,20,1,1,4,1,233,Da Inox,Inox 2M,5.333333333333333,4.0,720.0,1240.0,1,-180.0,-180.0,1,120,120
516,517,C.07-12,240,180,3,-60,30,4,1,3,4,1,355,Da Inox,Inox 2M,5.75,4.5,750.0,2040.0,1,-510.0,-480.0,2,120,120
517,518,C.07-3.5mm,1020,1000,3,-20,30,13,1,3,4,2,188,Da Inox,Inox 2M,4.0,4.0,750.0,750.0,0,-10.0,-10.0,2,720,720
518,519,C.112,3180,2520,9,-660,30,3,1,8,4,2,285,Da Thép,Thép XK,5.4,3.0,780.0,1536.0,1,-575.4,-360.0,3,960,960
519,520,C.114,900,1200,6,300,30,12,0,8,4,2,150,Da Thép,Thép XK,6.0,6.0,900.0,900.0,0,300.0,300.0,5,240,240
520,521,C.35-14,360,360,4,0,30,6,1,4,4,1,90,Da Inox,Inox 2M,4.0,4.0,360.0,360.0,1,0.0,0.0,2,180,180
521,522,C.36-12,420,1560,2,1140,30,-1,0,8,4,2,162,Da Inox,Inox 2M,3.8333333333333335,3.5,420.0,620.0,0,310.0,30.0,5,360,360
522,523,CL.203-12,1380,1380,8,0,30,5,1,8,4,2,117,Da Inox,Inox 2M,5.666666666666667,7.0,420.0,660.0,0,-80.0,-120.0,4,420,420
523,524,D.01-12,2520,1780,11,-740,30,-1,0,8,4,2,114,Da Inox,Inox 2M,9.714285714285714,10.0,840.0,1105.7142857142858,0,-362.85714285714283,-420.0,3,780,780
524,525,D.01-14,16260,31020,26,14760,30,-2,0,50,4,4,1436,Da Inox,Inox 2M,20.333333333333332,25.0,27000.0,29186.666666666668,0,2968.8888888888887,1680.0,16,1980,1980
525,526,D.01-16,17820,38820,26,21000,30,-2,0,57,4,4,1827,Da Inox,Inox 2M,20.444444444444443,25.0,44400.0,37333.333333333336,0,4633.333333333333,-3300.0,22,1800,1800
526,527,D.03-12,1920,1560,10,-360,30,-1,0,9,4,2,122,Da Inox,Inox 2M,6.375,6.5,660.0,772.5,0,747.5,-90.0,2,840,840
527,528,D.03-12NC,1620,1800,7,180,30,10,0,8,4,2,232,,,7.0,7.0,1620.0,1620.0,0,180.0,180.0,2,960,960
528,529,D.03-14,20580,8000,26,-12580,30,-2,0,11,4,3,553,Da Inox,Inox 2M,15.9,17.0,5190.0,8778.0,0,-2280.0,-2030.0,6,1560,1560
529,530,D.03-16,16140,11940,26,-4200,30,-2,0,20,4,3,580,Da Inox,Inox 2M,19.0,22.0,11370.0,11010.0,0,-660.0,-1530.0,11,1140,1140
530,531,D.04-12,480,400,7,-80,30,0,1,6,4,1,108,Da Inox,Inox 2M,11.666666666666666,10.0,1140.0,1260.0,1,-493.3333333333333,-80.0,4,120,120
531,532,D.04-14,20100,13500,26,-6600,30,-2,0,18,4,3,904,Da Inox,Inox 2M,18.0,23.5,15090.0,16266.0,0,3222.0,1620.0,7,2160,2160
532,533,D.04-16,37380,30960,26,-6420,30,-2,0,22,4,4,1188,Da Inox,Inox 2M,20.333333333333332,25.0,18240.0,24146.666666666668,0,9180.0,7860.0,9,3720,3720
533,534,D.05-12,360,360,6,0,30,-1,0,6,4,1,65,Da Inox,Inox 3M,2.8,2.0,120.0,180.0,0,24.0,60.0,6,60,60
534,535,D.05-12NC,360,60,4,-300,30,13,1,1,4,1,80,,,3.0,3.0,240.0,240.0,0,-90.0,-90.0,1,120,120
535,536,D.05-14,3300,4500,21,1200,30,-2,0,29,4,2,139,Da Inox,Inox 3M,14.333333333333334,19.0,2460.0,1980.0,0,2893.3333333333335,2880.0,11,420,420
536,537,D.05-14NC,240,60,3,-180,30,12,1,1,4,1,80,,,3.0,3.0,240.0,240.0,1,-180.0,-180.0,1,120,120
537,538,D.05-16,4740,5460,24,720,30,-2,0,28,4,3,219,Da Inox,Inox 3M,16.625,19.5,4170.0,3637.5,0,2040.0,1980.0,10,600,600
538,539,D.05V-14,120,180,2,60,30,12,0,3,4,1,60,Da Inox,Inox 3M,3.5,3.0,180.0,210.0,0,645.0,600.0,3,60,60
539,540,D.05V-16,180,180,2,0,30,13,1,2,4,1,67,Da Inox,Inox 3M,4.5,4.5,300.0,300.0,1,-150.0,-150.0,2,120,120
540,541,D.06-12,1560,2460,8,900,30,-1,0,13,4,2,129,Da Inox,Inox 2M,5.0,6.0,480.0,642.8571428571429,0,408.57142857142856,600.0,7,360,360
541,542,D.06-14,10320,14280,20,3960,30,-1,0,28,4,3,757,Da Inox,Inox 2M,17.666666666666668,21.0,13860.0,13360.0,0,5224.444444444444,3720.0,11,1380,1380
542,543,D.06-16,12720,13260,23,540,30,-1,0,24,4,3,742,Da Inox,Inox 2M,19.11111111111111,23.0,14700.0,14166.666666666666,0,5957.777777777777,2100.0,9,1500,1500
543,544,D.07-12,1020,1020,3,0,30,11,1,3,4,2,696,Da Inox,Inox 2M,5.75,3.5,780.0,3997.5,0,-2650.0,-90.0,2,840,840
544,545,D.07-14,16560,8940,24,-7620,30,-1,0,13,4,3,815,Da Inox,Inox 2M,15.11111111111111,17.0,6180.0,12313.333333333334,0,-4435.555555555556,-2520.0,6,1680,1680
545,546,D.07-16,12540,16860,21,4320,30,1,0,29,4,3,668,Da Inox,Inox 2M,18.875,21.0,12300.0,12607.5,0,1382.5,2400.0,11,1680,1680
546,547,D.07-3.5NC,10980,10260,18,-720,30,3,1,17,4,3,582,,,9.5,9.5,5520.0,5520.0,0,1410.0,1410.0,6,1860,1860
547,548,D.08-12,720,780,5,60,30,1,0,6,4,1,133,Da Inox,Inox 2M,3.8,5.0,300.0,504.0,0,-40.0,60.0,5,180,180
548,549,D.08-14,4740,2320,23,-2420,30,-1,0,12,4,2,201,Da Inox,Inox 2M,11.875,10.0,2040.0,2377.5,0,67.5,330.0,3,840,840
549,550,D.08-16,4680,3760,19,-920,30,-2,0,16,4,2,207,Da Inox,Inox 2M,12.714285714285714,11.0,2520.0,2622.8571428571427,0,411.42857142857144,660.0,5,840,840
550,551,D.09-12,1220,860,8,-360,30,1,1,6,4,1,143,Da Inox,Inox 2M,3.0,2.0,250.0,426.6666666666667,0,216.66666666666666,-20.0,3,400,400
551,552,D.09-14,11280,9280,26,-2000,30,-2,0,22,4,3,334,Da Inox,Inox 2M,18.555555555555557,23.0,4680.0,6193.333333333333,0,4177.777777777777,3100.0,10,1020,1020
552,553,D.09-16,17160,11800,26,-5360,30,-2,0,18,4,3,529,Da Inox,Inox 2M,19.555555555555557,25.0,12840.0,10340.0,0,2217.777777777778,2540.0,9,1380,1380
553,554,D.18,18620,21860,25,3240,30,-1,0,30,4,4,987,Da Thép,Thép XK,18.555555555555557,24.0,18620.0,18313.333333333332,0,6877.777777777777,3580.0,9,2700,2700
554,555,D.2,1080,6240,6,5160,30,-1,0,35,4,3,151,Da Inox,Inox 2M,5.166666666666667,5.5,900.0,780.0,0,3950.0,5130.0,13,480,480
555,556,D.205,57960,50460,25,-7500,30,-1,0,22,4,5,2390,Da Thép,Thép Số,17.77777777777778,24.0,43200.0,42480.0,0,-1060.0,-2580.0,7,7560,7560
556,557,D.206,38460,48840,24,10380,30,-1,0,31,4,5,1871,Da Thép,Thép Số,17.666666666666668,21.0,38460.0,33053.333333333336,0,8742.222222222223,10380.0,7,7380,7380
557,558,D.208,25020,31140,25,6120,30,-1,0,32,4,4,1063,Da Thép,Thép Số,16.857142857142858,21.0,25020.0,17902.85714285714,0,7665.714285714285,6120.0,8,3900,3900
558,559,D.22NC,36480,29400,22,-7080,30,-1,0,18,4,4,1421,,,17.666666666666668,16.0,33240.0,25100.0,0,-4340.0,-3960.0,6,5160,5160
559,560,D.23,25920,19620,18,-6300,30,1,1,14,4,3,1146,Da Thép,Thép Số,10.375,11.5,8610.0,11887.5,0,1087.5,450.0,5,4200,4200
560,561,D.28NC,1140,1080,6,-60,30,18,1,6,4,2,330,,,4.0,4.0,1320.0,1320.0,0,120.0,120.0,3,420,420
561,562,D.302,29700,28800,19,-900,30,1,1,19,4,4,1420,Da Thép,Thép Số,14.555555555555555,14.0,19600.0,20655.555555555555,0,1500.0,-900.0,6,5200,5200
562,563,D.401,51720,51300,25,-420,30,-1,0,25,4,5,1873,Da Thép,Thép Số,17.88888888888889,21.0,38760.0,33493.333333333336,0,8117.444444444444,1740.0,10,5160,5160
563,564,D.501,19380,16140,24,-3240,30,0,1,20,4,3,799,Da Thép,Thép XK,15.1,15.5,12740.0,12062.0,0,5080.0,1840.0,10,1760,1760
564,565,D.501-14NC,22380,20640,24,-1740,30,-1,0,23,4,4,927,,,20.6,24.0,22380.0,19092.0,0,-2220.0,-1740.0,9,2340,2340
565,566,D.501NC,12720,19440,19,6720,30,-1,0,30,4,3,985,,,22.333333333333332,24.0,25980.0,21980.0,0,-2200.0,-1560.0,12,1680,1680
566,567,D.506,17400,20700,25,3300,30,-1,0,30,4,4,713,Da Thép,Thép XK,16.88888888888889,21.0,9640.0,12040.0,0,8330.888888888889,8900.0,17,1260,1260
567,568,D.507,7920,11340,20,3420,30,-1,0,29,4,3,398,Da Thép,Thép XK,13.11111111111111,15.0,4020.0,5206.666666666667,0,5440.0,7800.0,10,1200,1200
568,569,D.507V,2700,8220,16,5520,30,0,0,49,4,3,377,Da Thép,Thép XK,13.88888888888889,13.0,4320.0,5226.666666666667,0,2933.3333333333335,1620.0,18,480,480
569,570,D.555,107760,107640,25,-120,30,-1,0,25,4,6,4700,Da Thép,Thép XK,18.5,24.0,92370.0,86934.0,0,16913.3,-3840.0,15,7620,7620
570,571,D.555KD,19380,11160,13,-8220,30,4,1,8,4,3,1734,,,9.75,9.5,12910.0,16900.0,1,-4315.0,-3810.0,3,4980,4980
571,572,D.666,3360,5100,12,1740,30,-1,0,19,4,3,379,Da Thép,Thép XK,11.777777777777779,12.0,3360.0,4453.333333333333,0,3486.6666666666665,2040.0,7,840,840
572,573,D.777,15540,17340,22,1800,30,-1,0,25,4,3,953,Da Thép,Thép XK,16.88888888888889,22.0,13680.0,16080.0,0,4033.3333333333335,1800.0,10,1800,1800
573,574,KD2-0056,400,360,1,-40,30,12,1,1,4,1,1136,Da Inox,Inox 2M,2.5,2.5,2840.0,2840.0,1,-360.0,-360.0,1,400,400
574,575,KD2-0063,400,1240,1,840,30,12,0,4,4,2,1324,Da Inox,Inox 2M,3.6666666666666665,1.0,4160.0,4853.333333333333,0,-1960.0,-2760.0,4,400,400
575,576,KD2-0064,400,280,1,-120,30,6,1,1,4,1,240,Da Inox,Inox 2M,1.0,1.0,240.0,240.0,0,80.0,80.0,1,400,400
576,577,KD2-0211,4800,3900,22,-900,30,-2,0,18,4,2,200,Da Inox,Inox 2M,14.0,15.0,2700.0,2800.0,0,614.2857142857143,400.0,8,500,500
577,578,KD2-0288,240,200,4,-40,30,17,1,4,4,1,173,Da Inox,Inox 2M,5.666666666666667,4.0,300.0,980.0,0,53.333333333333336,50.0,4,60,60
578,579,KD2-0804,1700,200,9,-1500,30,5,1,2,4,1,189,Da Inox,Inox 2M,9.0,9.0,1700.0,1700.0,1,-1500.0,-1500.0,1,400,400
579,580,KD2-0932,360,400,2,40,30,21,0,3,4,1,180,Da inox,Inox 2M,2.0,2.0,360.0,360.0,0,40.0,40.0,2,240,240
580,581,KD2-0935,420,400,2,-20,30,26,1,2,4,1,210,Da Inox,Inox 2M,2.0,2.0,420.0,420.0,1,-20.0,-20.0,2,360,360
581,582,KD2-1144,2500,2100,18,-400,30,-1,0,16,4,2,152,,,11.0,13.0,1900.0,1666.6666666666667,0,566.6666666666666,200.0,5,500,500
582,583,KD2-1579,1100,200,5,-900,30,-1,0,1,4,1,223,,,4.5,4.5,1000.0,1000.0,0,-650.0,-650.0,1,500,500
583,584,KD2-1580,1200,500,6,-700,30,-1,0,3,4,1,200,,,6.0,6.0,1200.0,1200.0,0,-700.0,-700.0,1,600,600
584,585,KD2-1118,1680,5000,3,3320,30,-1,0,9,4,3,560,Da Inox,Inox 2M,3.0,3.0,1680.0,1680.0,0,3320.0,3320.0,6,900,900
585,586,KD2-1119,2220,5000,4,2780,30,4,0,10,4,3,555,Da Inox,Inox 2M,4.0,4.0,2220.0,2220.0,0,2780.0,2780.0,6,960,960
586,587,KD2-1121,1800,5000,2,3200,30,-1,0,6,4,3,900,Da Inox,Inox 2M,2.0,2.0,1800.0,1800.0,0,3200.0,3200.0,4,1380,1380
587,588,KD2-1122,2160,5000,5,2840,30,4,0,12,4,3,432,Da Inox,Inox 2M,5.0,5.0,2160.0,2160.0,0,2840.0,2840.0,4,1320,1320
588,589,KD2-1123,2700,5000,2,2300,30,8,0,4,4,3,1350,Da Inox,Inox 2M,2.0,2.0,2700.0,2700.0,0,2300.0,2300.0,3,1860,1860
589,590,KD2-1124,1500,5000,3,3500,30,-1,0,10,4,3,500,Da Inox,Inox 2M,3.0,3.0,1500.0,1500.0,0,3500.0,3500.0,6,900,900
590,591,KD2-1125,600,5000,1,4400,30,-1,0,9,4,3,600,Da Inox,Inox 2M,1.0,1.0,600.0,600.0,0,4400.0,4400.0,9,600,600
591,592,KD3-0372,400,700,4,300,30,-1,0,7,4,1,100,Da inox,Inox 3M,3.0,3.0,300.0,300.0,0,100.0,100.0,7,100,100
592,593,KD3-0926,400,400,4,0,30,1,1,4,4,1,100,Da Inox,Inox 3M,2.5,2.5,250.0,250.0,1,0.0,0.0,4,100,100
593,594,KD3-1115,800,500,5,-300,30,1,1,4,4,1,160,Da Inox,Inox 3M,5.0,5.0,800.0,800.0,1,-150.0,-150.0,2,300,300
594,595,KD3-1116,1800,1400,11,-400,30,-2,0,9,4,2,167,Da Inox,Inox 3M,12.0,12.0,2000.0,2000.0,0,-850.0,-850.0,2,800,800
595,596,KD3-1578,1700,500,7,-1200,30,-2,0,3,4,1,200,,,5.0,5.0,1000.0,1000.0,0,-500.0,-500.0,1,1000,1000
596,597,KDT-0673,3000,3000,6,0,30,1,1,6,4,2,500,,,6.0,6.0,3000.0,3000.0,1,0.0,0.0,3,1080,1080
597,598,KDT-1634,4020,4000,9,-20,30,0,1,9,4,2,447,,,9.0,9.0,4020.0,4020.0,1,-20.0,-20.0,4,1080,1080
598,599,KM2-0212,1600,1920,16,320,30,-2,0,20,4,2,132,Móng Inox,Inox 2M,11.666666666666666,13.0,1280.0,1533.3333333333333,0,280.0,80.0,12,160,160
599,600,KM2-0550,560,1040,5,480,30,3,0,10,4,2,142,Móng Inox,Inox 2M,4.333333333333333,5.0,560.0,613.3333333333334,0,266.6666666666667,480.0,5,240,240
600,601,KM2-0938,180,360,3,180,30,25,0,6,4,1,60,Móng Inox,Inox 2M,3.0,3.0,180.0,180.0,0,180.0,180.0,6,60,60
601,602,KM2-1176,880,2480,8,1600,30,0,0,23,4,2,222,,Inox 2M,9.166666666666666,9.0,1600.0,2026.6666666666667,0,233.33333333333334,20.0,16,160,160
602,603,KM2-1434,4560,4600,19,40,30,-1,0,20,4,2,212,,,11.2,10.0,1360.0,2368.0,0,730.0,40.0,3,1680,1680
603,604,M.01,5160,3660,17,-1500,30,-2,0,13,4,2,240,Móng Inox,Inox 2M,11.666666666666666,14.0,2160.0,2793.3333333333335,0,455.55555555555554,960.0,4,1020,1020
604,605,M.03,2220,1500,11,-720,30,3,1,8,4,2,166,Móng Inox,Inox 2M,6.0,6.0,900.0,994.2857142857143,0,171.42857142857142,60.0,3,540,540
605,606,M.04,1500,3420,7,1920,30,13,0,16,4,2,237,Móng Inox,Inox 2M,8.666666666666666,8.5,2070.0,2050.0,0,1633.3333333333333,2070.0,7,540,540
606,607,M.05,360,180,4,-180,30,8,1,2,4,1,104,Móng Inox,Inox 3M,3.75,4.5,330.0,390.0,0,-45.0,-30.0,1,180,180
607,608,M.18,1800,900,8,-900,30,4,1,4,4,1,437,Móng Thép,Thép XK,7.666666666666667,8.0,3660.0,3346.6666666666665,0,-6.666666666666667,-60.0,2,540,540
608,609,M.205,14340,12960,21,-1380,30,-1,0,19,4,3,592,Móng Thép,Thép Số,14.875,16.5,8820.0,8797.5,0,1282.5,-390.0,9,1500,1500
609,610,M.23,2820,2820,8,0,30,12,1,8,4,2,343,Móng Thép,Thép Số,6.333333333333333,7.0,2610.0,2170.0,0,510.8333333333333,180.0,4,900,900
610,611,M.303,2400,2400,12,0,30,3,1,12,4,2,307,Móng Thép,Thép Số,5.0,3.0,1500.0,1533.3333333333333,1,286.6666666666667,0.0,4,600,600
611,612,M.306,14700,11520,23,-3180,30,-1,0,19,4,3,576,Móng Thép,Thép Số,11.222222222222221,13.0,6360.0,6460.0,0,2740.0,1440.0,8,1440,1440
612,613,M.401,10200,9840,20,-360,30,-1,0,20,4,3,530,Móng Thép,Thép Số,11.75,11.0,7170.0,6225.0,0,1095.0,-300.0,7,1500,1500
613,614,M.501,1920,2520,9,600,30,0,0,12,4,2,232,Móng Thép,Thép XK,8.777777777777779,9.0,1920.0,2035.5555555555557,0,1375.5555555555557,840.0,6,480,480
614,615,M.555,9240,9420,21,180,30,0,0,22,4,3,506,Móng Thép,Thép XK,15.375,19.0,9030.0,7770.0,0,3938.75,2340.0,10,960,960
615,616,N.118,180,180,1,0,30,21,1,1,4,1,150,Da Thép,Thép XK,1.0,1.0,150.0,150.0,1,-30.0,-30.0,1,180,180
616,617,C.03-12,900,180,6,-720,29,0,1,2,5,1,183,Da Inox,Inox 2M,6.75,7.5,900.0,1230.0,1,-255.0,-150.0,1,360,360
617,618,C.05-12,600,540,4,-60,29,-1,0,4,5,1,144,Da Inox,Inox 2M,2.5,2.5,360.0,360.0,0,-30.0,-30.0,2,300,300
618,619,C.06-12,540,960,6,420,29,12,0,11,5,1,187,Da Inox,Inox 2M,4.4,5.0,660.0,852.0,0,240.0,0.0,8,120,120
619,620,C.06-14,2880,2700,11,-180,29,8,1,11,5,2,233,Da Inox,Inox 2M,5.333333333333333,4.0,720.0,1240.0,1,-180.0,-180.0,4,840,840
620,621,C.06-16,420,360,4,-60,29,6,1,4,5,1,105,Da Inox,Inox 2M,4.0,4.0,420.0,420.0,1,-60.0,-60.0,2,180,180
621,622,C.112,780,420,3,-360,29,15,1,2,5,1,285,Da Thép,Thép XK,5.4,3.0,780.0,1536.0,1,-575.4,-360.0,2,360,360
622,623,C.118,540,480,3,-60,29,15,1,3,5,1,165,Da Thép,Thép XK,2.0,2.0,330.0,330.0,0,-28.5,-28.5,2,240,240
623,624,C.36-12,1200,1200,3,0,29,20,1,3,5,2,162,Da Inox,Inox 2M,3.8333333333333335,3.5,420.0,620.0,0,310.0,30.0,2,720,720
624,625,CL.101-12,2820,5000,3,2180,29,-1,0,6,5,3,880,Da Inox,Inox 2M,3.0,3.0,2820.0,2640.0,0,793.3333333333334,180.0,4,1380,1380
625,626,CL.101C-12,2640,2440,11,-200,29,-1,0,11,5,2,207,Da Inox,Inox 2M,6.75,5.5,1080.0,1395.0,0,-120.0,-140.0,7,360,360
626,627,CL.101C-14,60,60,1,0,29,8,1,1,5,1,144,Da Inox,Inox 2M,3.3333333333333335,3.0,240.0,480.0,1,-100.0,0.0,1,60,60
627,628,CL.201C-12,1980,1800,12,-180,29,5,1,11,5,2,165,Da Inox,Inox 2M,7.666666666666667,7.0,1080.0,1260.0,1,-180.0,-180.0,5,360,360
628,629,D.01-12,600,420,8,-180,29,0,1,6,5,1,114,Da Inox,Inox 2M,9.714285714285714,10.0,840.0,1105.7142857142858,0,-362.85714285714283,-420.0,4,120,120
629,630,D.01-14,38580,23400,27,-15180,29,-5,0,17,5,4,1436,Da Inox,Inox 2M,20.333333333333332,25.0,27000.0,29186.666666666668,0,2968.8888888888887,1680.0,8,3180,3180
630,631,D.01-16,44400,31800,27,-12600,29,-5,0,20,5,4,1827,Da Inox,Inox 2M,20.444444444444443,25.0,44400.0,37333.333333333336,0,4633.333333333333,-3300.0,13,2520,2520
631,632,D.03-12,600,540,8,-60,29,-1,0,8,5,1,122,Da Inox,Inox 2M,6.375,6.5,660.0,772.5,0,747.5,-90.0,5,120,120
632,633,D.03-14,5580,1740,23,-3840,29,-5,0,8,5,2,553,Da Inox,Inox 2M,15.9,17.0,5190.0,8778.0,0,-2280.0,-2030.0,2,1020,1020
633,634,D.03-16,5400,3480,21,-1920,29,-1,0,14,5,2,580,Da Inox,Inox 2M,19.0,22.0,11370.0,11010.0,0,-660.0,-1530.0,3,1320,1320
634,635,D.04-14,9540,7500,22,-2040,29,-5,0,18,5,3,904,Da Inox,Inox 2M,18.0,23.5,15090.0,16266.0,0,3222.0,1620.0,5,1680,1680
635,636,D.04-16,16680,29640,25,12960,29,-5,0,45,5,4,1188,Da Inox,Inox 2M,20.333333333333332,25.0,18240.0,24146.666666666668,0,9180.0,7860.0,16,1920,1920
636,637,D.05-12,120,240,2,120,29,9,0,4,5,1,65,Da Inox,Inox 3M,2.8,2.0,120.0,180.0,0,24.0,60.0,4,60,60
637,638,D.05-12NC,120,240,2,120,29,7,0,4,5,1,80,,,3.0,3.0,240.0,240.0,0,-90.0,-90.0,4,60,60
638,639,D.05-14,2640,5580,25,2940,29,-5,0,53,5,3,139,Da Inox,Inox 3M,14.333333333333334,19.0,2460.0,1980.0,0,2893.3333333333335,2880.0,19,300,300
639,640,D.05-16,7200,6720,24,-480,29,-5,0,23,5,3,219,Da Inox,Inox 3M,16.625,19.5,4170.0,3637.5,0,2040.0,1980.0,10,720,720
640,641,D.05V-14,360,120,6,-240,29,0,1,2,5,1,60,Da Inox,Inox 3M,3.5,3.0,180.0,210.0,0,645.0,600.0,2,60,60
641,642,D.05V-14NC,180,240,3,60,29,3,0,4,5,1,90,,,2.0,2.0,180.0,180.0,0,-30.0,-30.0,4,60,60
642,643,D.05V-16,420,120,7,-300,29,3,1,2,5,1,67,Da Inox,Inox 3M,4.5,4.5,300.0,300.0,1,-150.0,-150.0,2,60,60
643,644,D.06-12,1320,1080,12,-240,29,1,1,10,5,2,129,Da Inox,Inox 2M,5.0,6.0,480.0,642.8571428571429,0,408.57142857142856,600.0,4,300,300
644,645,D.06-14,15540,13320,24,-2220,29,-1,0,21,5,3,757,Da Inox,Inox 2M,17.666666666666668,21.0,13860.0,13360.0,0,5224.444444444444,3720.0,11,1260,1260
645,646,D.06-16,14700,12780,25,-1920,29,-1,0,22,5,3,742,Da Inox,Inox 2M,19.11111111111111,23.0,14700.0,14166.666666666666,0,5957.777777777777,2100.0,10,1380,1380
646,647,D.07-14,4920,1380,20,-3540,29,1,1,6,5,2,815,Da Inox,Inox 2M,15.11111111111111,17.0,6180.0,12313.333333333334,0,-4435.555555555556,-2520.0,3,480,480
647,648,D.07-16,24600,12840,23,-11760,29,2,1,13,5,3,668,Da Inox,Inox 2M,18.875,21.0,12300.0,12607.5,0,1382.5,2400.0,4,4080,4080
648,649,D.08-14,2100,960,8,-1140,29,0,1,4,5,1,201,Da Inox,Inox 2M,11.875,10.0,2040.0,2377.5,0,67.5,330.0,2,720,720
649,650,D.08-16,1200,2640,10,1440,29,-1,0,22,5,2,207,Da Inox,Inox 2M,12.714285714285714,11.0,2520.0,2622.8571428571427,0,411.42857142857144,660.0,7,420,420
650,651,D.09-12,660,180,2,-480,29,1,1,1,5,1,143,Da Inox,Inox 2M,3.0,2.0,250.0,426.6666666666667,0,216.66666666666666,-20.0,1,540,540
651,652,D.09-14,4680,9480,22,4800,29,-5,0,45,5,3,334,Da Inox,Inox 2M,18.555555555555557,23.0,4680.0,6193.333333333333,0,4177.777777777777,3100.0,23,420,420
652,653,D.09-16,14760,12600,26,-2160,29,-5,0,23,5,3,529,Da Inox,Inox 2M,19.555555555555557,25.0,12840.0,10340.0,0,2217.777777777778,2540.0,12,1140,1140
653,654,D.18,22440,26160,26,3720,29,-5,0,31,5,4,987,Da Thép,Thép XK,18.555555555555557,24.0,18620.0,18313.333333333332,0,6877.777777777777,3580.0,7,4080,4080
654,655,D.2,1020,8400,3,7380,29,0,0,25,5,3,151,Da Inox,Inox 2M,5.166666666666667,5.5,900.0,780.0,0,3950.0,5130.0,11,780,780
655,656,D.205,16680,20820,18,4140,29,-1,0,23,5,4,2390,Da Thép,Thép Số,17.77777777777778,24.0,43200.0,42480.0,0,-1060.0,-2580.0,9,2520,2520
656,657,D.206,50820,48960,25,-1860,29,0,1,25,5,5,1871,Da Thép,Thép Số,17.666666666666668,21.0,38460.0,33053.333333333336,0,8742.222222222223,10380.0,12,4320,4320
657,658,D.208,29700,28200,24,-1500,29,0,1,23,5,4,1063,Da Thép,Thép Số,16.857142857142858,21.0,25020.0,17902.85714285714,0,7665.714285714285,6120.0,8,3600,3600
658,659,D.22NC,33240,29280,16,-3960,29,-1,0,15,5,4,1421,,,17.666666666666668,16.0,33240.0,25100.0,0,-4340.0,-3960.0,6,4920,4920
659,660,D.23,15300,15480,16,180,29,0,0,17,5,3,1146,Da Thép,Thép Số,10.375,11.5,8610.0,11887.5,0,1087.5,450.0,5,3720,3720
660,661,D.23NC,1680,1380,5,-300,29,-1,0,5,5,2,677,,,8.666666666666666,5.0,1680.0,5860.0,1,-2140.0,-300.0,2,960,960
661,662,D.302,30300,30000,22,-300,29,-1,0,22,5,4,1420,Da Thép,Thép Số,14.555555555555555,14.0,19600.0,20655.555555555555,0,1500.0,-900.0,10,3300,3300
662,663,D.401,42780,44520,18,1740,29,8,0,19,5,5,1873,Da Thép,Thép Số,17.88888888888889,21.0,38760.0,33493.333333333336,0,8117.444444444444,1740.0,8,5880,5880
663,664,D.501,13920,12180,12,-1740,29,-1,0,11,5,3,799,Da Thép,Thép XK,15.1,15.5,12740.0,12062.0,0,5080.0,1840.0,5,2580,2580
664,665,D.501-14NC,21240,16920,24,-4320,29,-1,0,20,5,3,927,,,20.6,24.0,22380.0,19092.0,0,-2220.0,-1740.0,8,2340,2340
665,666,D.501NC,25980,24420,24,-1560,29,-1,0,23,5,4,985,,,22.333333333333332,24.0,25980.0,21980.0,0,-2200.0,-1560.0,9,3000,3000
666,667,D.506,21000,20100,23,-900,29,0,1,23,5,4,713,Da Thép,Thép XK,16.88888888888889,21.0,9640.0,12040.0,0,8330.888888888889,8900.0,6,3720,3720
667,668,D.507,11040,11820,23,780,29,-1,0,25,5,3,398,Da Thép,Thép XK,13.11111111111111,15.0,4020.0,5206.666666666667,0,5440.0,7800.0,9,1320,1320
668,669,D.507V,4320,4260,13,-60,29,-1,0,13,5,2,377,Da Thép,Thép XK,13.88888888888889,13.0,4320.0,5226.666666666667,0,2933.3333333333335,1620.0,4,1380,1380
669,670,D.555,99360,92700,26,-6660,29,-1,0,25,5,6,4700,Da Thép,Thép XK,18.5,24.0,92370.0,86934.0,0,16913.3,-3840.0,14,7020,7020
670,671,D.555KD,11580,7440,9,-4140,29,-1,0,6,5,3,1734,,,9.75,9.5,12910.0,16900.0,1,-4315.0,-3810.0,3,3000,3000
671,672,D.666,9180,8940,21,-240,29,-1,0,21,5,3,379,Da Thép,Thép XK,11.777777777777779,12.0,3360.0,4453.333333333333,0,3486.6666666666665,2040.0,8,1200,1200
672,673,D.777,15720,15540,21,-180,29,1,1,21,5,3,953,Da Thép,Thép XK,16.88888888888889,22.0,13680.0,16080.0,0,4033.3333333333335,1800.0,6,2880,2880
673,674,KD2-0005,500,500,1,0,29,17,1,1,5,1,500,Da Inox,Inox 2M,1.0,1.0,500.0,500.0,1,0.0,0.0,1,500,500
674,675,KD2-0006,1000,1000,2,0,29,15,1,2,5,2,500,Da Inox,Inox 2M,2.0,2.0,1000.0,1000.0,1,0.0,0.0,2,500,500
675,676,KD2-0007,500,500,1,0,29,15,1,1,5,1,234,Da Inox,Inox 2M,1.5,1.5,350.0,350.0,0,150.0,150.0,1,500,500
676,677,KD2-0049,10900,10000,8,-900,29,7,1,8,5,3,1363,Da Inox,Inox 2M,8.0,8.0,10900.0,10900.0,1,-900.0,-900.0,5,2400,2400
677,678,KD2-0050,4500,5000,8,500,29,5,0,9,5,3,563,Da Inox,Inox 2M,8.0,8.0,4500.0,4500.0,0,500.0,500.0,5,1000,1000
678,679,KD2-0051,3760,5000,9,1240,29,5,0,12,5,3,418,Da Inox,Inox 2M,9.0,9.0,3760.0,3760.0,0,1240.0,1240.0,5,1040,1040
679,680,KD2-0152,4100,2000,5,-2100,29,-1,0,3,5,2,700,Da Inox,Inox 2M,3.0,3.0,2100.0,2100.0,0,-725.0,-725.0,1,2000,2000
680,681,KD2-0211,3700,3600,15,-100,29,5,1,15,5,2,200,Da Inox,Inox 2M,14.0,15.0,2700.0,2800.0,0,614.2857142857143,400.0,6,700,700
681,682,KD2-0289,400,360,1,-40,29,23,1,1,5,1,400,Da Inox,Inox 2M,1.0,1.0,400.0,400.0,1,-40.0,-40.0,1,400,400
682,683,KD2-0568,2000,1500,8,-500,29,2,1,6,5,2,218,Da Inox,Inox 2M,5.666666666666667,5.0,1100.0,1233.3333333333333,0,66.66666666666667,300.0,3,500,500
683,684,KD2-0591,2700,3000,12,300,29,12,0,14,5,2,220,Da Inox,Inox 2M,10.5,10.5,2310.0,2310.0,0,190.0,190.0,8,420,420
684,685,KD2-0592,1860,2000,10,140,29,10,0,11,5,2,224,Da Inox,Inox 2M,9.0,9.0,2010.0,2010.0,0,-10.0,-10.0,6,360,360
685,686,KD2-0595,480,500,6,20,29,12,0,7,5,1,87,Da Inox,Inox 2M,8.0,8.0,690.0,690.0,0,60.0,60.0,5,120,120
686,687,KD2-0598,540,500,4,-40,29,15,1,4,5,1,96,Da Inox,Inox 2M,5.0,5.0,480.0,480.0,1,-50.0,-50.0,3,240,240
687,688,KD2-0904,100,1000,1,900,29,6,0,10,5,2,275,Da Inox,Inox 2M,2.0,2.0,550.0,550.0,0,450.0,450.0,10,100,100
688,689,KD2-1087,400,1000,3,600,29,2,0,8,5,2,140,Da Inox,Inox 2M,2.5,2.5,350.0,350.0,0,400.0,400.0,5,200,200
689,690,KD2-1108,900,1000,5,100,29,14,0,6,5,2,180,Da Inox,Inox 2M,5.0,5.0,900.0,900.0,0,100.0,100.0,4,300,300
690,691,KD2-1144,1900,2100,13,200,29,8,0,15,5,2,152,,,11.0,13.0,1900.0,1666.6666666666667,0,566.6666666666666,200.0,7,300,300
691,692,KD2-1479,480,500,1,20,29,-1,0,2,5,1,480,,,1.0,1.0,480.0,480.0,0,20.0,20.0,2,480,480
692,693,KD2-2-1118,660,2500,2,1840,29,1,0,8,5,2,330,,,2.0,2.0,660.0,660.0,0,1840.0,1840.0,6,480,480
693,694,KD2-2-1119,1800,2500,5,700,29,16,0,7,5,2,360,,,5.0,5.0,1800.0,1800.0,0,700.0,700.0,3,840,840
694,695,KD2-2-1120,2960,3400,5,440,29,6,0,6,5,2,592,,,5.0,5.0,2960.0,2960.0,0,440.0,440.0,3,1200,1200
695,696,KD2-2-1121,2280,3400,7,1120,29,6,0,11,5,2,326,,Inox 2M,7.0,7.0,2280.0,2280.0,0,1120.0,1120.0,6,600,600
696,697,KD2-2-1122,1440,2500,4,1060,29,12,0,7,5,2,360,,Inox 2M,4.0,4.0,1440.0,1440.0,0,1060.0,1060.0,5,540,540
697,698,KD2-2-1123,1680,2400,5,720,29,9,0,8,5,2,336,,Inox 2M,5.0,5.0,1680.0,1680.0,0,720.0,720.0,4,600,600
698,699,KD2-2-1124,2400,4200,6,1800,29,-1,0,11,5,2,400,,Inox 2M,6.0,6.0,2400.0,2400.0,0,1800.0,1800.0,5,900,900
699,700,KD2-2-1125,2100,5000,5,2900,29,-1,0,12,5,3,378,,Inox 2M,3.5,3.5,1320.0,1320.0,0,2430.0,2430.0,7,780,780
700,701,KD2-2-1126,240,2720,2,2480,29,24,0,23,5,2,120,,Inox 2M,2.0,2.0,240.0,240.0,0,2480.0,2480.0,16,180,180
701,702,KD2-2-1127,300,3840,2,3540,29,24,0,26,5,2,150,,Inox 2M,2.0,2.0,300.0,300.0,0,3540.0,3540.0,22,180,180
702,703,KD2-2-1128,2220,5000,9,2780,29,7,0,21,5,3,247,,Inox 2M,9.0,9.0,2220.0,2220.0,0,2780.0,2780.0,8,660,660
703,704,KD2-2-1129,1920,5000,6,3080,29,8,0,16,5,3,320,,Inox 2M,6.0,6.0,1920.0,1920.0,0,3080.0,3080.0,7,780,780
704,705,KD2-2-1130,500,3000,1,2500,29,23,0,6,5,2,500,,Inox 2M,1.0,1.0,500.0,500.0,0,2500.0,2500.0,6,500,500
705,706,KD2-2-1131,1000,5000,2,4000,29,23,0,10,5,3,500,,Inox 2M,2.0,2.0,1000.0,1000.0,0,4000.0,4000.0,10,500,500
706,707,KD2-2-1132,3600,5000,6,1400,29,1,0,9,5,3,600,,Inox 2M,6.0,6.0,3600.0,3600.0,0,1400.0,1400.0,3,1840,1840
707,708,KD2-2-1133,2160,5000,2,2840,29,21,0,5,5,3,1080,,Inox 2M,2.0,2.0,2160.0,2160.0,0,2840.0,2840.0,4,1600,1600
708,709,KD3-0115,2000,2000,4,0,29,14,1,4,5,2,500,Da Inox,Inox 3M,4.0,4.0,2000.0,2000.0,1,0.0,0.0,4,500,500
709,710,KD3-0118,1800,1500,5,-300,29,9,1,5,5,2,317,Da Inox,Inox 3M,3.0,3.0,950.0,950.0,1,-150.0,-150.0,3,500,500
710,711,KD3-0119,1000,1000,5,0,29,9,1,5,5,2,200,Da Inox,Inox 3M,5.0,5.0,1000.0,1000.0,1,0.0,0.0,2,500,500
711,712,KD3-0120,1000,500,2,-500,29,7,1,1,5,1,500,,Inox 3M,2.0,2.0,1000.0,1000.0,1,-500.0,-500.0,1,500,500
712,713,KD3-0255,1600,1500,5,-100,29,8,1,5,5,2,320,Da Inox,Inox 3M,5.0,5.0,1600.0,1600.0,1,-100.0,-100.0,3,700,700
713,714,KD3-0291,100,150,1,50,29,2,0,2,5,1,100,,Inox 3M,1.0,1.0,100.0,100.0,0,50.0,50.0,2,100,100
714,715,KD3-0292,100,150,1,50,29,3,0,2,5,1,100,Da Inox,Inox 3M,1.0,1.0,100.0,100.0,0,50.0,50.0,2,100,100
715,716,KD3-0372,200,100,2,-100,29,10,1,1,5,1,100,Da inox,Inox 3M,3.0,3.0,300.0,300.0,0,100.0,100.0,1,100,100
716,717,KD3-1116,2200,900,13,-1300,29,3,1,6,5,1,167,Da Inox,Inox 3M,12.0,12.0,2000.0,2000.0,0,-850.0,-850.0,2,500,500
717,718,KDT-0299,1300,1000,5,-300,29,1,1,4,5,2,288,Da Thép,Thép XK,4.0,4.0,1150.0,1150.0,1,-150.0,-150.0,3,400,400
718,719,KM2-0212,800,2000,10,1200,29,5,0,25,5,2,132,Móng Inox,Inox 2M,11.666666666666666,13.0,1280.0,1533.3333333333333,0,280.0,80.0,25,80,80
719,720,KM2-0550,160,800,2,640,29,26,0,10,5,1,142,Móng Inox,Inox 2M,4.333333333333333,5.0,560.0,613.3333333333334,0,266.6666666666667,480.0,10,80,80
720,721,KM2-1176,5120,4680,15,-440,29,8,1,14,5,2,222,,Inox 2M,9.166666666666666,9.0,1600.0,2026.6666666666667,0,233.33333333333334,20.0,7,720,720
721,722,KM2-1434,1120,1160,10,40,29,14,0,11,5,2,212,,,11.2,10.0,1360.0,2368.0,0,730.0,40.0,8,160,160
722,723,M.01,4500,3840,18,-660,29,-6,0,16,5,2,240,Móng Inox,Inox 2M,11.666666666666666,14.0,2160.0,2793.3333333333335,0,455.55555555555554,960.0,6,720,720
723,724,M.03,1260,1260,6,0,29,-1,0,6,5,2,166,Móng Inox,Inox 2M,6.0,6.0,900.0,994.2857142857143,0,171.42857142857142,60.0,3,420,420
724,725,M.04,2580,3120,10,540,29,-5,0,13,5,2,237,Móng Inox,Inox 2M,8.666666666666666,8.5,2070.0,2050.0,0,1633.3333333333333,2070.0,4,840,840
725,726,M.05,780,660,5,-120,29,0,1,5,5,1,104,Móng Inox,Inox 3M,3.75,4.5,330.0,390.0,0,-45.0,-30.0,2,420,420
726,727,M.05V,60,60,1,0,29,7,1,1,5,1,60,Móng Inox,Inox 3M,1.0,1.0,60.0,60.0,0,30.0,30.0,1,60,60
727,728,M.18,3840,4200,10,360,29,-1,0,11,5,2,437,Móng Thép,Thép XK,7.666666666666667,8.0,3660.0,3346.6666666666665,0,-6.666666666666667,-60.0,4,1080,1080
728,729,M.205,13740,12720,22,-1020,29,-5,0,21,5,3,592,Móng Thép,Thép Số,14.875,16.5,8820.0,8797.5,0,1282.5,-390.0,9,1560,1560
729,730,M.23,3180,3000,10,-180,29,0,1,10,5,2,343,Móng Thép,Thép Số,6.333333333333333,7.0,2610.0,2170.0,0,510.8333333333333,180.0,4,960,960
730,731,M.303,900,900,3,0,29,12,1,3,5,1,307,Móng Thép,Thép Số,5.0,3.0,1500.0,1533.3333333333333,1,286.6666666666667,0.0,2,500,500
731,732,M.306,14220,13440,20,-780,29,-1,0,19,5,3,576,Móng Thép,Thép Số,11.222222222222221,13.0,6360.0,6460.0,0,2740.0,1440.0,6,2340,2340
732,733,M.401,9720,9420,20,-300,29,-1,0,20,5,3,530,Móng Thép,Thép Số,11.75,11.0,7170.0,6225.0,0,1095.0,-300.0,10,960,960
733,734,M.501,4620,4980,15,360,29,-1,0,17,5,2,232,Móng Thép,Thép XK,8.777777777777779,9.0,1920.0,2035.5555555555557,0,1375.5555555555557,840.0,7,780,780
734,735,M.555,9540,11880,19,2340,29,-1,0,24,5,3,506,Móng Thép,Thép XK,15.375,19.0,9030.0,7770.0,0,3938.75,2340.0,13,960,960
735,736,NL.102,2160,1940,8,-220,29,-2,0,8,5,2,215,Móng Inox,Inox 2M,6.0,6.0,1290.0,1290.0,0,-100.0,-100.0,3,660,660
736,737,D.01-14,1920,10480,2,8560,30,25,0,11,6,3,1436,Da Inox,Inox 2M,20.333333333333332,25.0,27000.0,29186.666666666668,0,2968.8888888888887,1680.0,10,1140,1140
737,738,D.01-16,2700,23920,2,21220,30,25,0,18,6,4,1827,Da Inox,Inox 2M,20.444444444444443,25.0,44400.0,37333.333333333336,0,4633.333333333333,-3300.0,14,1740,1740
738,739,D.03-12,120,3420,1,3300,30,25,0,29,6,2,122,Da Inox,Inox 2M,6.375,6.5,660.0,772.5,0,747.5,-90.0,29,120,120
739,740,D.03-14,180,2760,1,2580,30,25,0,16,6,2,553,Da Inox,Inox 2M,15.9,17.0,5190.0,8778.0,0,-2280.0,-2030.0,16,180,180
740,741,D.04-14,1680,19560,2,17880,30,25,0,24,6,3,904,Da Inox,Inox 2M,18.0,23.5,15090.0,16266.0,0,3222.0,1620.0,17,1200,1200
741,742,D.04-16,1800,29100,2,27300,30,25,0,33,6,4,1188,Da Inox,Inox 2M,20.333333333333332,25.0,18240.0,24146.666666666668,0,9180.0,7860.0,31,960,960
742,743,D.05-14,120,6240,1,6120,30,25,0,52,6,3,139,Da Inox,Inox 3M,14.333333333333334,19.0,2460.0,1980.0,0,2893.3333333333335,2880.0,52,120,120
743,744,D.06-14,2220,16400,2,14180,30,25,0,15,6,3,757,Da Inox,Inox 2M,17.666666666666668,21.0,13860.0,13360.0,0,5224.444444444444,3720.0,10,1800,1800
744,745,D.06-16,1200,14960,2,13760,30,25,0,25,6,3,742,Da Inox,Inox 2M,19.11111111111111,23.0,14700.0,14166.666666666666,0,5957.777777777777,2100.0,14,1080,1080
745,746,D.07-12,60,2940,1,2880,30,26,0,50,6,2,696,Da Inox,Inox 2M,5.75,3.5,780.0,3997.5,0,-2650.0,-90.0,49,60,60
746,747,D.07-14,480,2880,2,2400,30,25,0,12,6,2,815,Da Inox,Inox 2M,15.11111111111111,17.0,6180.0,12313.333333333334,0,-4435.555555555556,-2520.0,7,420,420
747,748,D.07-3.5NC,60,3600,1,3540,30,26,0,60,6,2,582,,,9.5,9.5,5520.0,5520.0,0,1410.0,1410.0,60,60,60
748,749,D.09-12,60,1800,1,1740,30,25,0,30,6,2,143,Da Inox,Inox 2M,3.0,2.0,250.0,426.6666666666667,0,216.66666666666666,-20.0,30,60,60
749,750,D.09-14,600,12160,1,11560,30,25,0,21,6,3,334,Da Inox,Inox 2M,18.555555555555557,23.0,4680.0,6193.333333333333,0,4177.777777777777,3100.0,21,600,600
750,751,D.09-16,420,7600,1,7180,30,25,0,19,6,3,529,Da Inox,Inox 2M,19.555555555555557,25.0,12840.0,10340.0,0,2217.777777777778,2540.0,19,420,420
751,752,D.18,1800,19360,2,17560,30,25,0,22,6,3,987,Da Thép,Thép XK,18.555555555555557,24.0,18620.0,18313.333333333332,0,6877.777777777777,3580.0,15,1380,1380
752,753,D.205,3660,17880,2,14220,30,25,0,10,6,3,2390,Da Thép,Thép Số,17.77777777777778,24.0,43200.0,42480.0,0,-1060.0,-2580.0,7,2760,2760
753,754,D.206,6300,39600,2,33300,30,25,0,13,6,4,1871,Da Thép,Thép Số,17.666666666666668,21.0,38460.0,33053.333333333336,0,8742.222222222223,10380.0,13,3180,3180
754,755,D.208,1560,23640,2,22080,30,25,0,31,6,4,1063,Da Thép,Thép Số,16.857142857142858,21.0,25020.0,17902.85714285714,0,7665.714285714285,6120.0,17,1440,1440
755,756,D.23,300,8940,1,8640,30,26,0,30,6,3,1146,Da Thép,Thép Số,10.375,11.5,8610.0,11887.5,0,1087.5,450.0,30,300,300
756,757,D.28NC,1500,1800,2,300,30,25,0,3,6,2,330,,,4.0,4.0,1320.0,1320.0,0,120.0,120.0,3,840,840
757,758,D.302,3400,27780,2,24380,30,25,0,17,6,4,1420,Da Thép,Thép Số,14.555555555555555,14.0,19600.0,20655.555555555555,0,1500.0,-900.0,11,2700,2700
758,759,D.401,4380,34680,2,30300,30,25,0,16,6,4,1873,Da Thép,Thép Số,17.88888888888889,21.0,38760.0,33493.333333333336,0,8117.444444444444,1740.0,12,3120,3120
759,760,D.501,2280,2460,2,180,30,25,0,3,6,2,799,Da Thép,Thép XK,15.1,15.5,12740.0,12062.0,0,5080.0,1840.0,2,1740,1740
760,761,D.506,2940,16080,2,13140,30,25,0,11,6,3,713,Da Thép,Thép XK,16.88888888888889,21.0,9640.0,12040.0,0,8330.888888888889,8900.0,7,2460,2460
761,762,D.507,180,9480,1,9300,30,25,0,53,6,3,398,Da Thép,Thép XK,13.11111111111111,15.0,4020.0,5206.666666666667,0,5440.0,7800.0,53,180,180
762,763,D.507V,180,9300,2,9120,30,25,0,104,6,3,377,Da Thép,Thép XK,13.88888888888889,13.0,4320.0,5226.666666666667,0,2933.3333333333335,1620.0,78,120,120
763,764,D.555,3120,105720,2,102600,30,25,0,68,6,6,4700,Da Thép,Thép XK,18.5,24.0,92370.0,86934.0,0,16913.3,-3840.0,68,1560,1560
764,765,D.555KD,3660,3720,1,60,30,26,0,2,6,2,1734,,,9.75,9.5,12910.0,16900.0,1,-4315.0,-3810.0,2,3660,3660
765,766,D.666,300,9300,2,9000,30,25,0,62,6,3,379,Da Thép,Thép XK,11.777777777777779,12.0,3360.0,4453.333333333333,0,3486.6666666666665,2040.0,39,240,240
766,767,D.777,1020,16320,1,15300,30,25,0,16,6,3,953,Da Thép,Thép XK,16.88888888888889,22.0,13680.0,16080.0,0,4033.3333333333335,1800.0,16,1020,1020
767,768,KD2-0152,100,750,1,650,30,26,0,8,6,1,700,Da Inox,Inox 2M,3.0,3.0,2100.0,2100.0,0,-725.0,-725.0,8,100,100
768,769,KD2-1087,300,500,2,200,30,25,0,4,6,1,140,Da Inox,Inox 2M,2.5,2.5,350.0,350.0,0,400.0,400.0,3,200,200
769,770,KD2-2-1125,540,2500,2,1960,30,25,0,10,6,2,378,,Inox 2M,3.5,3.5,1320.0,1320.0,0,2430.0,2430.0,7,360,360
770,771,KM2-0212,80,2440,1,2360,30,25,0,31,6,2,132,Móng Inox,Inox 2M,11.666666666666666,13.0,1280.0,1533.3333333333333,0,280.0,80.0,31,80,80
771,772,M.01,120,1080,1,960,30,25,0,9,6,2,240,Móng Inox,Inox 2M,11.666666666666666,14.0,2160.0,2793.3333333333335,0,455.55555555555554,960.0,9,120,120
772,773,M.18,480,4920,1,4440,30,26,0,11,6,2,437,Móng Thép,Thép XK,7.666666666666667,8.0,3660.0,3346.6666666666665,0,-6.666666666666667,-60.0,11,480,480
773,774,M.205,2040,12300,2,10260,30,25,0,13,6,3,592,Móng Thép,Thép Số,14.875,16.5,8820.0,8797.5,0,1282.5,-390.0,11,1200,1200
774,775,M.303,800,1200,2,400,30,25,0,3,6,2,307,Móng Thép,Thép Số,5.0,3.0,1500.0,1533.3333333333333,1,286.6666666666667,0.0,3,500,500
775,776,M.306,1140,10560,2,9420,30,25,0,19,6,3,576,Móng Thép,Thép Số,11.222222222222221,13.0,6360.0,6460.0,0,2740.0,1440.0,11,960,960
776,777,M.401,1200,7680,2,6480,30,25,0,13,6,3,530,Móng Thép,Thép Số,11.75,11.0,7170.0,6225.0,0,1095.0,-300.0,9,900,900
777,778,M.501,60,3720,1,3660,30,26,0,62,6,2,232,Móng Thép,Thép XK,8.777777777777779,9.0,1920.0,2035.5555555555557,0,1375.5555555555557,840.0,62,60,60
